EmployeeName,CustomerName,Customer Country,Price,City,InvoiceDate,TrackName,Genre,MediaType
Jane Peacock,Luís Gonçalves,Brazil,0.99,São José dos Campos,2009-01-01 00:00:00,Balls to the Wall,Rock,Protected AAC audio file
Jane Peacock,Luís Gonçalves,Brazil,0.99,São José dos Campos,2009-01-01 00:00:00,Restless and Wild,Rock,Protected AAC audio file
Steve Johnson,Leonie Köhler,Germany,0.99,Stuttgart,2009-01-02 00:00:00,Put The Finger On You,Rock,MPEG audio file
Steve Johnson,Leonie Köhler,Germany,0.99,Stuttgart,2009-01-02 00:00:00,Inject The Venom,Rock,MPEG audio file
Steve Johnson,Leonie Köhler,Germany,0.99,Stuttgart,2009-01-02 00:00:00,Evil Walks,Rock,MPEG audio file
Steve Johnson,Leonie Köhler,Germany,0.99,Stuttgart,2009-01-02 00:00:00,Breaking The Rules,Rock,MPEG audio file
Jane Peacock,François Tremblay,Canada,0.99,Montréal,2009-01-03 00:00:00,Dog Eat Dog,Rock,MPEG audio file
Jane Peacock,François Tremblay,Canada,0.99,Montréal,2009-01-03 00:00:00,Overdose,Rock,MPEG audio file
Jane Peacock,François Tremblay,Canada,0.99,Montréal,2009-01-03 00:00:00,Love In An Elevator,Rock,MPEG audio file
Jane Peacock,François Tremblay,Canada,0.99,Montréal,2009-01-03 00:00:00,Janie's Got A Gun,Rock,MPEG audio file
Jane Peacock,François Tremblay,Canada,0.99,Montréal,2009-01-03 00:00:00,Deuces Are Wild,Rock,MPEG audio file
Jane Peacock,François Tremblay,Canada,0.99,Montréal,2009-01-03 00:00:00,Angel,Rock,MPEG audio file
Margaret Park,Bjørn Hansen,Norway,0.99,Oslo,2009-01-06 00:00:00,Right Through You,Rock,MPEG audio file
Margaret Park,Bjørn Hansen,Norway,0.99,Oslo,2009-01-06 00:00:00,Not The Doctor,Rock,MPEG audio file
Margaret Park,Bjørn Hansen,Norway,0.99,Oslo,2009-01-06 00:00:00,Bleed The Freak,Rock,MPEG audio file
Margaret Park,Bjørn Hansen,Norway,0.99,Oslo,2009-01-06 00:00:00,Confusion,Rock,MPEG audio file
Margaret Park,Bjørn Hansen,Norway,0.99,Oslo,2009-01-06 00:00:00,Por Causa De Você,Jazz,MPEG audio file
Margaret Park,Bjørn Hansen,Norway,0.99,Oslo,2009-01-06 00:00:00,Angela,Jazz,MPEG audio file
Margaret Park,Bjørn Hansen,Norway,0.99,Oslo,2009-01-06 00:00:00,Master Of Puppets,Metal,MPEG audio file
Margaret Park,Bjørn Hansen,Norway,0.99,Oslo,2009-01-06 00:00:00,Welcome Home (Sanitarium),Metal,MPEG audio file
Margaret Park,Bjørn Hansen,Norway,0.99,Oslo,2009-01-06 00:00:00,Set It Off,Rock,MPEG audio file
Margaret Park,František Wichterlová,Czech Republic,0.99,Prague,2009-01-11 00:00:00,Your Time Has Come,Alternative & Punk,MPEG audio file
Margaret Park,František Wichterlová,Czech Republic,0.99,Prague,2009-01-11 00:00:00,Dandelion,Alternative & Punk,MPEG audio file
Margaret Park,František Wichterlová,Czech Republic,0.99,Prague,2009-01-11 00:00:00,Rock 'N' Roll Music,Rock And Roll,MPEG audio file
Margaret Park,František Wichterlová,Czech Republic,0.99,Prague,2009-01-11 00:00:00,Moon germs,Jazz,MPEG audio file
Margaret Park,František Wichterlová,Czech Republic,0.99,Prague,2009-01-11 00:00:00,Super Terrorizer,Metal,MPEG audio file
Margaret Park,František Wichterlová,Czech Republic,0.99,Prague,2009-01-11 00:00:00,Heart Of Gold,Metal,MPEG audio file
Margaret Park,František Wichterlová,Czech Republic,0.99,Prague,2009-01-11 00:00:00,Evil Woman,Metal,MPEG audio file
Margaret Park,František Wichterlová,Czech Republic,0.99,Prague,2009-01-11 00:00:00,Cornucopia,Metal,MPEG audio file
Margaret Park,František Wichterlová,Czech Republic,0.99,Prague,2009-01-11 00:00:00,Bowels Of The Devil,Alternative & Punk,MPEG audio file
Margaret Park,František Wichterlová,Czech Republic,0.99,Prague,2009-01-11 00:00:00,Body Count Anthem,Alternative & Punk,MPEG audio file
Margaret Park,František Wichterlová,Czech Republic,0.99,Prague,2009-01-11 00:00:00,Jerusalem,Metal,MPEG audio file
Margaret Park,František Wichterlová,Czech Republic,0.99,Prague,2009-01-11 00:00:00,When My Left Eye Jumps,Blues,MPEG audio file
Margaret Park,František Wichterlová,Czech Republic,0.99,Prague,2009-01-11 00:00:00,Meditação,Latin,MPEG audio file
Margaret Park,František Wichterlová,Czech Republic,0.99,Prague,2009-01-11 00:00:00,Esse Cara,Latin,MPEG audio file
Steve Johnson,Helena Holý,Czech Republic,0.99,Prague,2009-01-19 00:00:00,"Bye, Bye Brasil",Latin,MPEG audio file
Steve Johnson,Astrid Gruber,Austria,0.99,Vienne,2009-02-01 00:00:00,Atras Da Porta,Latin,MPEG audio file
Steve Johnson,Astrid Gruber,Austria,0.99,Vienne,2009-02-01 00:00:00,Tatuagem,Latin,MPEG audio file
Margaret Park,Daan Peeters,Belgium,0.99,Brussels,2009-02-01 00:00:00,Morena De Angola,Latin,MPEG audio file
Margaret Park,Daan Peeters,Belgium,0.99,Brussels,2009-02-01 00:00:00,A Banda,Latin,MPEG audio file
Margaret Park,Kara Nielsen,Denmark,0.99,Copenhagen,2009-02-02 00:00:00,Com Açúcar E Com Afeto,Latin,MPEG audio file
Margaret Park,Kara Nielsen,Denmark,0.99,Copenhagen,2009-02-02 00:00:00,Meu Caro Amigo,Latin,MPEG audio file
Margaret Park,Kara Nielsen,Denmark,0.99,Copenhagen,2009-02-02 00:00:00,Trocando Em Miúdos,Latin,MPEG audio file
Margaret Park,Kara Nielsen,Denmark,0.99,Copenhagen,2009-02-02 00:00:00,Gota D'água,Latin,MPEG audio file
Margaret Park,Eduardo Martins,Brazil,0.99,São Paulo,2009-02-03 00:00:00,Etnia,Latin,MPEG audio file
Margaret Park,Eduardo Martins,Brazil,0.99,São Paulo,2009-02-03 00:00:00,Samba Do Lado,Latin,MPEG audio file
Margaret Park,Eduardo Martins,Brazil,0.99,São Paulo,2009-02-03 00:00:00,Sobremesa,Latin,MPEG audio file
Margaret Park,Eduardo Martins,Brazil,0.99,São Paulo,2009-02-03 00:00:00,Sangue De Bairro,Latin,MPEG audio file
Margaret Park,Eduardo Martins,Brazil,0.99,São Paulo,2009-02-03 00:00:00,Amor De Muito,Latin,MPEG audio file
Margaret Park,Eduardo Martins,Brazil,0.99,São Paulo,2009-02-03 00:00:00,Maracatu Atômico [Trip Hop],Latin,MPEG audio file
Steve Johnson,Alexandre Rocha,Brazil,0.99,São Paulo,2009-02-06 00:00:00,Samba Makossa,Latin,MPEG audio file
Steve Johnson,Alexandre Rocha,Brazil,0.99,São Paulo,2009-02-06 00:00:00,Lixo Do Mangue,Latin,MPEG audio file
Steve Johnson,Alexandre Rocha,Brazil,0.99,São Paulo,2009-02-06 00:00:00,Firmamento,Reggae,MPEG audio file
Steve Johnson,Alexandre Rocha,Brazil,0.99,São Paulo,2009-02-06 00:00:00,Já Foi,Reggae,MPEG audio file
Steve Johnson,Alexandre Rocha,Brazil,0.99,São Paulo,2009-02-06 00:00:00,A Cor Do Sol,Reggae,MPEG audio file
Steve Johnson,Alexandre Rocha,Brazil,0.99,São Paulo,2009-02-06 00:00:00,Firmamento,Reggae,MPEG audio file
Steve Johnson,Alexandre Rocha,Brazil,0.99,São Paulo,2009-02-06 00:00:00,Sábado A Noite,Reggae,MPEG audio file
Steve Johnson,Alexandre Rocha,Brazil,0.99,São Paulo,2009-02-06 00:00:00,Linha Do Equador,Latin,MPEG audio file
Steve Johnson,Alexandre Rocha,Brazil,0.99,São Paulo,2009-02-06 00:00:00,Livre Pra Viver,Latin,MPEG audio file
Jane Peacock,Roberto Almeida,Brazil,0.99,Rio de Janeiro,2009-02-11 00:00:00,Lavadeira,Pop,MPEG audio file
Jane Peacock,Roberto Almeida,Brazil,0.99,Rio de Janeiro,2009-02-11 00:00:00,Dazed and Confused,Rock,MPEG audio file
Jane Peacock,Roberto Almeida,Brazil,0.99,Rio de Janeiro,2009-02-11 00:00:00,You Shook Me(2),Rock,MPEG audio file
Jane Peacock,Roberto Almeida,Brazil,0.99,Rio de Janeiro,2009-02-11 00:00:00,Man With The Woman Head,Rock,MPEG audio file
Jane Peacock,Roberto Almeida,Brazil,0.99,Rio de Janeiro,2009-02-11 00:00:00,Leandro De Itaquera 2001,Soundtrack,MPEG audio file
Jane Peacock,Roberto Almeida,Brazil,0.99,Rio de Janeiro,2009-02-11 00:00:00,Vôo Sobre o Horizonte,Latin,MPEG audio file
Jane Peacock,Roberto Almeida,Brazil,0.99,Rio de Janeiro,2009-02-11 00:00:00,All Star,Latin,MPEG audio file
Jane Peacock,Roberto Almeida,Brazil,0.99,Rio de Janeiro,2009-02-11 00:00:00,Tanto Tempo,Latin,MPEG audio file
Jane Peacock,Roberto Almeida,Brazil,0.99,Rio de Janeiro,2009-02-11 00:00:00,Bumbo Da Mangueira,Latin,MPEG audio file
Jane Peacock,Roberto Almeida,Brazil,0.99,Rio de Janeiro,2009-02-11 00:00:00,Die Die My Darling,Metal,MPEG audio file
Jane Peacock,Roberto Almeida,Brazil,0.99,Rio de Janeiro,2009-02-11 00:00:00,Radio GA GA,Rock,MPEG audio file
Jane Peacock,Roberto Almeida,Brazil,0.99,Rio de Janeiro,2009-02-11 00:00:00,I'm Going Slightly Mad,Rock,MPEG audio file
Jane Peacock,Roberto Almeida,Brazil,0.99,Rio de Janeiro,2009-02-11 00:00:00,Sure Know Something,Rock,MPEG audio file
Jane Peacock,Roberto Almeida,Brazil,0.99,Rio de Janeiro,2009-02-11 00:00:00,God Of Thunder,Rock,MPEG audio file
Margaret Park,Fernanda Ramos,Brazil,0.99,Brasília,2009-02-19 00:00:00,Valentino's,Jazz,MPEG audio file
Steve Johnson,Mark Philips,Canada,0.99,Edmonton,2009-03-04 00:00:00,Believe,Jazz,MPEG audio file
Steve Johnson,Mark Philips,Canada,0.99,Edmonton,2009-03-04 00:00:00,As We Sleep,Jazz,MPEG audio file
Jane Peacock,Jennifer Peterson,Canada,0.99,Vancouver,2009-03-04 00:00:00,J Squared,Jazz,MPEG audio file
Jane Peacock,Jennifer Peterson,Canada,0.99,Vancouver,2009-03-04 00:00:00,Maria,Alternative & Punk,MPEG audio file
Margaret Park,Frank Harris,USA,0.99,Mountain View,2009-03-05 00:00:00,Longview,Alternative & Punk,MPEG audio file
Margaret Park,Frank Harris,USA,0.99,Mountain View,2009-03-05 00:00:00,Basket Case,Alternative & Punk,MPEG audio file
Margaret Park,Frank Harris,USA,0.99,Mountain View,2009-03-05 00:00:00,She,Alternative & Punk,MPEG audio file
Margaret Park,Frank Harris,USA,0.99,Mountain View,2009-03-05 00:00:00,Geek Stink Breath,Alternative & Punk,MPEG audio file
Steve Johnson,Jack Smith,USA,0.99,Redmond,2009-03-06 00:00:00,Stuck With Me,Alternative & Punk,MPEG audio file
Steve Johnson,Jack Smith,USA,0.99,Redmond,2009-03-06 00:00:00,Nice Guys Finish Last,Alternative & Punk,MPEG audio file
Steve Johnson,Jack Smith,USA,0.99,Redmond,2009-03-06 00:00:00,Macy's Day Parade,Alternative & Punk,MPEG audio file
Steve Johnson,Jack Smith,USA,0.99,Redmond,2009-03-06 00:00:00,Don't You Cry,Rock,MPEG audio file
Steve Johnson,Jack Smith,USA,0.99,Redmond,2009-03-06 00:00:00,Living On Love,Rock,MPEG audio file
Steve Johnson,Jack Smith,USA,0.99,Redmond,2009-03-06 00:00:00,Wherever You May Go,Rock,MPEG audio file
Jane Peacock,Michelle Brooks,USA,0.99,New York,2009-03-09 00:00:00,"Diga Lá, Coração",Latin,MPEG audio file
Jane Peacock,Michelle Brooks,USA,0.99,New York,2009-03-09 00:00:00,Comportamento Geral,Latin,MPEG audio file
Jane Peacock,Michelle Brooks,USA,0.99,New York,2009-03-09 00:00:00,Podres Poderes,Latin,MPEG audio file
Jane Peacock,Michelle Brooks,USA,0.99,New York,2009-03-09 00:00:00,Queixa,Latin,MPEG audio file
Jane Peacock,Michelle Brooks,USA,0.99,New York,2009-03-09 00:00:00,Ando Meio Desligado,Alternative & Punk,MPEG audio file
Jane Peacock,Michelle Brooks,USA,0.99,New York,2009-03-09 00:00:00,Vida De Cachorro,Alternative & Punk,MPEG audio file
Jane Peacock,Michelle Brooks,USA,0.99,New York,2009-03-09 00:00:00,Meu Refrigerador Não Funciona,Alternative & Punk,MPEG audio file
Jane Peacock,Michelle Brooks,USA,0.99,New York,2009-03-09 00:00:00,Smoke On The Water,Rock,MPEG audio file
Jane Peacock,Michelle Brooks,USA,0.99,New York,2009-03-09 00:00:00,Trampled Under Foot,Rock,MPEG audio file
Jane Peacock,Tim Goyer,USA,0.99,Cupertino,2009-03-14 00:00:00,União Da Ilha,Latin,MPEG audio file
Jane Peacock,Tim Goyer,USA,0.99,Cupertino,2009-03-14 00:00:00,Put Your Lights On,Rock,MPEG audio file
Jane Peacock,Tim Goyer,USA,0.99,Cupertino,2009-03-14 00:00:00,Primavera,Rock,MPEG audio file
Jane Peacock,Tim Goyer,USA,0.99,Cupertino,2009-03-14 00:00:00,Seis Da Tarde,Latin,MPEG audio file
Jane Peacock,Tim Goyer,USA,0.99,Cupertino,2009-03-14 00:00:00,Compulsion,Jazz,MPEG audio file
Jane Peacock,Tim Goyer,USA,0.99,Cupertino,2009-03-14 00:00:00,The Pan Piper,Jazz,MPEG audio file
Jane Peacock,Tim Goyer,USA,0.99,Cupertino,2009-03-14 00:00:00,Jean Pierre (Live),Jazz,MPEG audio file
Jane Peacock,Tim Goyer,USA,0.99,Cupertino,2009-03-14 00:00:00,Drum Boogie,Jazz,MPEG audio file
Jane Peacock,Tim Goyer,USA,0.99,Cupertino,2009-03-14 00:00:00,Lemon Drop,Jazz,MPEG audio file
Jane Peacock,Tim Goyer,USA,0.99,Cupertino,2009-03-14 00:00:00,Showcase,Jazz,MPEG audio file
Jane Peacock,Tim Goyer,USA,0.99,Cupertino,2009-03-14 00:00:00,Como É Duro Trabalhar,Bossa Nova,MPEG audio file
Jane Peacock,Tim Goyer,USA,0.99,Cupertino,2009-03-14 00:00:00,Pela Luz dos Olhos Teus (Miúcha e Tom Jobim),Latin,MPEG audio file
Jane Peacock,Tim Goyer,USA,0.99,Cupertino,2009-03-14 00:00:00,As Rosas Não Falam (Beth Carvalho),Latin,MPEG audio file
Jane Peacock,Tim Goyer,USA,0.99,Cupertino,2009-03-14 00:00:00,Green River,Rock,MPEG audio file
Margaret Park,Dan Miller,USA,0.99,Mountain View,2009-03-22 00:00:00,Someday Never Comes,Rock,MPEG audio file
Steve Johnson,Kathy Chase,USA,0.99,Reno,2009-04-04 00:00:00,Walking On The Water,Rock,MPEG audio file
Steve Johnson,Kathy Chase,USA,0.99,Reno,2009-04-04 00:00:00,"Suzie-Q, Pt. 2",Rock,MPEG audio file
Margaret Park,Heather Leacock,USA,0.99,Orlando,2009-04-04 00:00:00,Good Golly Miss Molly,Rock,MPEG audio file
Margaret Park,Heather Leacock,USA,0.99,Orlando,2009-04-04 00:00:00,Wrote A Song For Everyone,Rock,MPEG audio file
Margaret Park,John Gordon,USA,0.99,Boston,2009-04-05 00:00:00,Cotton Fields,Rock,MPEG audio file
Margaret Park,John Gordon,USA,0.99,Boston,2009-04-05 00:00:00,Don't Look Now,Rock,MPEG audio file
Margaret Park,John Gordon,USA,0.99,Boston,2009-04-05 00:00:00,Before You Accuse Me,Rock,MPEG audio file
Margaret Park,John Gordon,USA,0.99,Boston,2009-04-05 00:00:00,Pagan Baby,Rock,MPEG audio file
Jane Peacock,Frank Ralston,USA,0.99,Chicago,2009-04-06 00:00:00,Born To Move,Rock,MPEG audio file
Jane Peacock,Frank Ralston,USA,0.99,Chicago,2009-04-06 00:00:00,Brasil,Latin,MPEG audio file
Jane Peacock,Frank Ralston,USA,0.99,Chicago,2009-04-06 00:00:00,Coroné Antonio Bento,Latin,MPEG audio file
Jane Peacock,Frank Ralston,USA,0.99,Chicago,2009-04-06 00:00:00,Música Urbana 2,Latin,MPEG audio file
Jane Peacock,Frank Ralston,USA,0.99,Chicago,2009-04-06 00:00:00,Woman Is The Nigger Of The World (Ao Vivo),Latin,MPEG audio file
Jane Peacock,Frank Ralston,USA,0.99,Chicago,2009-04-06 00:00:00,Smells Like Teen Spirit (Ao Vivo),Latin,MPEG audio file
Steve Johnson,Victor Stevens,USA,0.99,Madison,2009-04-09 00:00:00,Admirável Gado Novo,Latin,MPEG audio file
Steve Johnson,Victor Stevens,USA,0.99,Madison,2009-04-09 00:00:00,Mis Penas Lloraba Yo (Ao Vivo) Soy Gitano (Tangos),Latin,MPEG audio file
Steve Johnson,Victor Stevens,USA,0.99,Madison,2009-04-09 00:00:00,Drifter,Rock,MPEG audio file
Steve Johnson,Victor Stevens,USA,0.99,Madison,2009-04-09 00:00:00,Child In Time,Rock,MPEG audio file
Steve Johnson,Victor Stevens,USA,0.99,Madison,2009-04-09 00:00:00,No No No,Rock,MPEG audio file
Steve Johnson,Victor Stevens,USA,0.99,Madison,2009-04-09 00:00:00,Knocking At Your Back Door,Rock,MPEG audio file
Steve Johnson,Victor Stevens,USA,0.99,Madison,2009-04-09 00:00:00,The Unwritten Law,Rock,MPEG audio file
Steve Johnson,Victor Stevens,USA,0.99,Madison,2009-04-09 00:00:00,Maybe I'm A Leo,Rock,MPEG audio file
Steve Johnson,Victor Stevens,USA,0.99,Madison,2009-04-09 00:00:00,Vavoom : Ted The Mechanic,Rock,MPEG audio file
Margaret Park,Richard Cunningham,USA,0.99,Fort Worth,2009-04-14 00:00:00,Hey Cisco,Rock,MPEG audio file
Margaret Park,Richard Cunningham,USA,0.99,Fort Worth,2009-04-14 00:00:00,Fortuneteller,Rock,MPEG audio file
Margaret Park,Richard Cunningham,USA,0.99,Fort Worth,2009-04-14 00:00:00,High Ball Shooter,Rock,MPEG audio file
Margaret Park,Richard Cunningham,USA,0.99,Fort Worth,2009-04-14 00:00:00,A Twist In The Tail,Rock,MPEG audio file
Margaret Park,Richard Cunningham,USA,0.99,Fort Worth,2009-04-14 00:00:00,Animal,Rock,MPEG audio file
Margaret Park,Richard Cunningham,USA,0.99,Fort Worth,2009-04-14 00:00:00,Hysteria,Rock,MPEG audio file
Margaret Park,Richard Cunningham,USA,0.99,Fort Worth,2009-04-14 00:00:00,"Baltimore, DC",Jazz,MPEG audio file
Margaret Park,Richard Cunningham,USA,0.99,Fort Worth,2009-04-14 00:00:00,Esquinas,Latin,MPEG audio file
Margaret Park,Richard Cunningham,USA,0.99,Fort Worth,2009-04-14 00:00:00,Açai,Latin,MPEG audio file
Margaret Park,Richard Cunningham,USA,0.99,Fort Worth,2009-04-14 00:00:00,Um Amor Puro,Latin,MPEG audio file
Margaret Park,Richard Cunningham,USA,0.99,Fort Worth,2009-04-14 00:00:00,Fascinação,Latin,MPEG audio file
Margaret Park,Richard Cunningham,USA,0.99,Fort Worth,2009-04-14 00:00:00,Sunshine Of Your Love,Blues,MPEG audio file
Margaret Park,Richard Cunningham,USA,0.99,Fort Worth,2009-04-14 00:00:00,Lay Down Sally,Blues,MPEG audio file
Margaret Park,Richard Cunningham,USA,0.99,Fort Worth,2009-04-14 00:00:00,Tears In Heaven,Blues,MPEG audio file
Margaret Park,Patrick Gray,USA,0.99,Tucson,2009-04-22 00:00:00,Naked In Front Of The Computer,Alternative & Punk,MPEG audio file
Steve Johnson,Julia Barnett,USA,0.99,Salt Lake City,2009-05-05 00:00:00,Helpless,Alternative & Punk,MPEG audio file
Steve Johnson,Julia Barnett,USA,0.99,Salt Lake City,2009-05-05 00:00:00,Mouth To Mouth,Alternative & Punk,MPEG audio file
Jane Peacock,Robert Brown,Canada,0.99,Toronto,2009-05-05 00:00:00,She Loves Me Not,Alternative & Punk,MPEG audio file
Jane Peacock,Robert Brown,Canada,0.99,Toronto,2009-05-05 00:00:00,Paths Of Glory,Alternative & Punk,MPEG audio file
Jane Peacock,Edward Francis,Canada,0.99,Ottawa,2009-05-06 00:00:00,Pristina,Alternative & Punk,MPEG audio file
Jane Peacock,Edward Francis,Canada,0.99,Ottawa,2009-05-06 00:00:00,Caffeine,Alternative & Punk,MPEG audio file
Jane Peacock,Edward Francis,Canada,0.99,Ottawa,2009-05-06 00:00:00,RV,Alternative & Punk,MPEG audio file
Jane Peacock,Edward Francis,Canada,0.99,Ottawa,2009-05-06 00:00:00,Everything's Ruined,Alternative & Punk,MPEG audio file
Steve Johnson,Martha Silk,Canada,0.99,Halifax,2009-05-07 00:00:00,A Small Victory,Alternative & Punk,MPEG audio file
Steve Johnson,Martha Silk,Canada,0.99,Halifax,2009-05-07 00:00:00,Easy,Alternative & Punk,MPEG audio file
Steve Johnson,Martha Silk,Canada,0.99,Halifax,2009-05-07 00:00:00,The Gentle Art Of Making Enemies,Rock,MPEG audio file
Steve Johnson,Martha Silk,Canada,0.99,Halifax,2009-05-07 00:00:00,Ugly In The Morning,Rock,MPEG audio file
Steve Johnson,Martha Silk,Canada,0.99,Halifax,2009-05-07 00:00:00,What A Day,Rock,MPEG audio file
Steve Johnson,Martha Silk,Canada,0.99,Halifax,2009-05-07 00:00:00,From Out Of Nowhere,Alternative & Punk,MPEG audio file
Margaret Park,Aaron Mitchell,Canada,0.99,Winnipeg,2009-05-10 00:00:00,Underwater Love,Alternative & Punk,MPEG audio file
Margaret Park,Aaron Mitchell,Canada,0.99,Winnipeg,2009-05-10 00:00:00,Falamansa Song,Latin,MPEG audio file
Margaret Park,Aaron Mitchell,Canada,0.99,Winnipeg,2009-05-10 00:00:00,Avisa,Latin,MPEG audio file
Margaret Park,Aaron Mitchell,Canada,0.99,Winnipeg,2009-05-10 00:00:00,Desaforo,Latin,MPEG audio file
Margaret Park,Aaron Mitchell,Canada,0.99,Winnipeg,2009-05-10 00:00:00,The Last Song,Rock,MPEG audio file
Margaret Park,Aaron Mitchell,Canada,0.99,Winnipeg,2009-05-10 00:00:00,What If I Do?,Rock,MPEG audio file
Margaret Park,Aaron Mitchell,Canada,0.99,Winnipeg,2009-05-10 00:00:00,Virginia Moon,Rock,MPEG audio file
Margaret Park,Aaron Mitchell,Canada,0.99,Winnipeg,2009-05-10 00:00:00,Times Like These,Alternative & Punk,MPEG audio file
Margaret Park,Aaron Mitchell,Canada,0.99,Winnipeg,2009-05-10 00:00:00,Burn Away,Alternative & Punk,MPEG audio file
Jane Peacock,Ellie Sullivan,Canada,0.99,Yellowknife,2009-05-15 00:00:00,See You,Rock,MPEG audio file
Jane Peacock,Ellie Sullivan,Canada,0.99,Yellowknife,2009-05-15 00:00:00,I Get A Kick Out Of You,Easy Listening,MPEG audio file
Jane Peacock,Ellie Sullivan,Canada,0.99,Yellowknife,2009-05-15 00:00:00,Fly Me To The Moon,Easy Listening,MPEG audio file
Jane Peacock,Ellie Sullivan,Canada,0.99,Yellowknife,2009-05-15 00:00:00,Mack The Knife,Easy Listening,MPEG audio file
Jane Peacock,Ellie Sullivan,Canada,0.99,Yellowknife,2009-05-15 00:00:00,Funk Hum,Latin,MPEG audio file
Jane Peacock,Ellie Sullivan,Canada,0.99,Yellowknife,2009-05-15 00:00:00,Forty Days Instrumental,Latin,MPEG audio file
Jane Peacock,Ellie Sullivan,Canada,0.99,Yellowknife,2009-05-15 00:00:00,Pau-De-Arara,Soundtrack,MPEG audio file
Jane Peacock,Ellie Sullivan,Canada,0.99,Yellowknife,2009-05-15 00:00:00,Stir It Up (Live),Latin,MPEG audio file
Jane Peacock,Ellie Sullivan,Canada,0.99,Yellowknife,2009-05-15 00:00:00,A Novidade (Live),Latin,MPEG audio file
Jane Peacock,Ellie Sullivan,Canada,0.99,Yellowknife,2009-05-15 00:00:00,Realce,Latin,MPEG audio file
Jane Peacock,Ellie Sullivan,Canada,0.99,Yellowknife,2009-05-15 00:00:00,Aquele Abraço,Latin,MPEG audio file
Jane Peacock,Ellie Sullivan,Canada,0.99,Yellowknife,2009-05-15 00:00:00,Re-Align,Metal,MPEG audio file
Jane Peacock,Ellie Sullivan,Canada,0.99,Yellowknife,2009-05-15 00:00:00,Holiday,Alternative & Punk,MPEG audio file
Jane Peacock,Ellie Sullivan,Canada,0.99,Yellowknife,2009-05-15 00:00:00,Homecoming / The Death Of St. Jimmy / East 12th St. / Nobody Likes You / Rock And Roll Girlfriend / We're Coming Home Again,Alternative & Punk,MPEG audio file
Margaret Park,João Fernandes,Portugal,0.99,Lisbon,2009-05-23 00:00:00,Right Next Door to Hell,Rock,Protected AAC audio file
Margaret Park,Madalena Sampaio,Portugal,0.99,Porto,2009-06-05 00:00:00,Dust N' Bones,Rock,Protected AAC audio file
Margaret Park,Madalena Sampaio,Portugal,0.99,Porto,2009-06-05 00:00:00,Live and Let Die,Rock,Protected AAC audio file
Steve Johnson,Hannah Schneider,Germany,0.99,Berlin,2009-06-05 00:00:00,Perfect Crime,Rock,Protected AAC audio file
Steve Johnson,Hannah Schneider,Germany,0.99,Berlin,2009-06-05 00:00:00,Bad Obsession,Rock,Protected AAC audio file
Jane Peacock,Fynn Zimmermann,Germany,0.99,Frankfurt,2009-06-06 00:00:00,Double Talkin' Jive,Rock,Protected AAC audio file
Jane Peacock,Fynn Zimmermann,Germany,0.99,Frankfurt,2009-06-06 00:00:00,The Garden,Rock,Protected AAC audio file
Jane Peacock,Fynn Zimmermann,Germany,0.99,Frankfurt,2009-06-06 00:00:00,Don't Damn Me,Rock,Protected AAC audio file
Jane Peacock,Fynn Zimmermann,Germany,0.99,Frankfurt,2009-06-06 00:00:00,Dead Horse,Rock,Protected AAC audio file
Jane Peacock,Niklas Schröder,Germany,0.99,Berlin,2009-06-07 00:00:00,Yesterdays,Metal,MPEG audio file
Jane Peacock,Niklas Schröder,Germany,0.99,Berlin,2009-06-07 00:00:00,Breakdown,Metal,MPEG audio file
Jane Peacock,Niklas Schröder,Germany,0.99,Berlin,2009-06-07 00:00:00,Estranged,Metal,MPEG audio file
Jane Peacock,Niklas Schröder,Germany,0.99,Berlin,2009-06-07 00:00:00,Colibri,Jazz,MPEG audio file
Jane Peacock,Niklas Schröder,Germany,0.99,Berlin,2009-06-07 00:00:00,L'Arc En Ciel De Miles,Jazz,MPEG audio file
Jane Peacock,Niklas Schröder,Germany,0.99,Berlin,2009-06-07 00:00:00,Millenium,Jazz,MPEG audio file
Margaret Park,Camille Bernard,France,0.99,Paris,2009-06-10 00:00:00,These Colours Don't Run,Rock,Protected AAC audio file
Margaret Park,Camille Bernard,France,0.99,Paris,2009-06-10 00:00:00,For the Greater Good of God,Rock,Protected AAC audio file
Margaret Park,Camille Bernard,France,0.99,Paris,2009-06-10 00:00:00,Prowler,Metal,MPEG audio file
Margaret Park,Camille Bernard,France,0.99,Paris,2009-06-10 00:00:00,Run To The Hilss,Metal,MPEG audio file
Margaret Park,Camille Bernard,France,0.99,Paris,2009-06-10 00:00:00,Can I Play With Madness,Metal,MPEG audio file
Margaret Park,Camille Bernard,France,0.99,Paris,2009-06-10 00:00:00,Heaven Can Wait,Metal,MPEG audio file
Margaret Park,Camille Bernard,France,0.99,Paris,2009-06-10 00:00:00,Blood Brothers,Rock,MPEG audio file
Margaret Park,Camille Bernard,France,0.99,Paris,2009-06-10 00:00:00,The Thin Line Between Love & Hate,Rock,MPEG audio file
Margaret Park,Camille Bernard,France,0.99,Paris,2009-06-10 00:00:00,Gates Of Tomorrow,Heavy Metal,MPEG audio file
Margaret Park,Dominique Lefebvre,France,0.99,Paris,2009-06-15 00:00:00,Fear Is The Key,Rock,MPEG audio file
Margaret Park,Dominique Lefebvre,France,0.99,Paris,2009-06-15 00:00:00,01 - Prowler,Blues,MPEG audio file
Margaret Park,Dominique Lefebvre,France,0.99,Paris,2009-06-15 00:00:00,The Ides Of March,Heavy Metal,MPEG audio file
Margaret Park,Dominique Lefebvre,France,0.99,Paris,2009-06-15 00:00:00,Drifter,Heavy Metal,MPEG audio file
Margaret Park,Dominique Lefebvre,France,0.99,Paris,2009-06-15 00:00:00,The Number Of The Beast,Metal,MPEG audio file
Margaret Park,Dominique Lefebvre,France,0.99,Paris,2009-06-15 00:00:00,Phantom Of The Opera,Heavy Metal,MPEG audio file
Margaret Park,Dominique Lefebvre,France,0.99,Paris,2009-06-15 00:00:00,Afraid To Shoot Strangers,Rock,MPEG audio file
Margaret Park,Dominique Lefebvre,France,0.99,Paris,2009-06-15 00:00:00,The Trooper,Rock,MPEG audio file
Margaret Park,Dominique Lefebvre,France,0.99,Paris,2009-06-15 00:00:00,Run Silent Run Deep,Metal,MPEG audio file
Margaret Park,Dominique Lefebvre,France,0.99,Paris,2009-06-15 00:00:00,Still Life,Metal,MPEG audio file
Margaret Park,Dominique Lefebvre,France,0.99,Paris,2009-06-15 00:00:00,Back in the Village,Metal,MPEG audio file
Margaret Park,Dominique Lefebvre,France,0.99,Paris,2009-06-15 00:00:00,Blood Brothers,Metal,MPEG audio file
Margaret Park,Dominique Lefebvre,France,0.99,Paris,2009-06-15 00:00:00,The Number Of The Beast,Rock,MPEG audio file
Margaret Park,Dominique Lefebvre,France,0.99,Paris,2009-06-15 00:00:00,The Prophecy,Metal,MPEG audio file
Steve Johnson,Marc Dubois,France,0.99,Lyon,2009-06-23 00:00:00,Hallowed Be Thy Name,Metal,MPEG audio file
Jane Peacock,Wyatt Girard,France,0.99,Bordeaux,2009-07-06 00:00:00,Invaders,Metal,MPEG audio file
Jane Peacock,Wyatt Girard,France,0.99,Bordeaux,2009-07-06 00:00:00,Run to the Hills,Metal,MPEG audio file
Jane Peacock,Isabelle Mercier,France,0.99,Dijon,2009-07-06 00:00:00,The Prisoner,Metal,MPEG audio file
Jane Peacock,Isabelle Mercier,France,0.99,Dijon,2009-07-06 00:00:00,Lord Of The Flies,Rock,MPEG audio file
Jane Peacock,Terhi Hämäläinen,Finland,0.99,Helsinki,2009-07-07 00:00:00,Fortunes Of War,Rock,MPEG audio file
Jane Peacock,Terhi Hämäläinen,Finland,0.99,Helsinki,2009-07-07 00:00:00,The Aftermath,Rock,MPEG audio file
Jane Peacock,Terhi Hämäläinen,Finland,0.99,Helsinki,2009-07-07 00:00:00,Blood On The World's Hands,Rock,MPEG audio file
Jane Peacock,Terhi Hämäläinen,Finland,0.99,Helsinki,2009-07-07 00:00:00,2 A.M.,Rock,MPEG audio file
Jane Peacock,Ladislav Kovács,Hungary,0.99,Budapest,2009-07-08 00:00:00,Lightning Strikes Twice,Rock,MPEG audio file
Jane Peacock,Ladislav Kovács,Hungary,0.99,Budapest,2009-07-08 00:00:00,Don't Look To The Eyes Of A Stranger,Rock,MPEG audio file
Jane Peacock,Ladislav Kovács,Hungary,0.99,Budapest,2009-07-08 00:00:00,Night Train,R&B/Soul,MPEG audio file
Jane Peacock,Ladislav Kovács,Hungary,0.99,Budapest,2009-07-08 00:00:00,It's A Man's Man's Man's World,R&B/Soul,MPEG audio file
Jane Peacock,Ladislav Kovács,Hungary,0.99,Budapest,2009-07-08 00:00:00,Hey America,R&B/Soul,MPEG audio file
Jane Peacock,Ladislav Kovács,Hungary,0.99,Budapest,2009-07-08 00:00:00,Get Up Offa That Thing,R&B/Soul,MPEG audio file
Jane Peacock,Hugh O'Reilly,Ireland,0.99,Dublin,2009-07-11 00:00:00,When You Gonna Learn (Digeridoo),Rock,MPEG audio file
Jane Peacock,Hugh O'Reilly,Ireland,0.99,Dublin,2009-07-11 00:00:00,"Whatever It Is, I Just Can't Stop",Rock,MPEG audio file
Jane Peacock,Hugh O'Reilly,Ireland,0.99,Dublin,2009-07-11 00:00:00,Black Capricorn Day,R&B/Soul,MPEG audio file
Jane Peacock,Hugh O'Reilly,Ireland,0.99,Dublin,2009-07-11 00:00:00,Were Do We Go From Here,R&B/Soul,MPEG audio file
Jane Peacock,Hugh O'Reilly,Ireland,0.99,Dublin,2009-07-11 00:00:00,Light Years,Electronica/Dance,MPEG audio file
Jane Peacock,Hugh O'Reilly,Ireland,0.99,Dublin,2009-07-11 00:00:00,Morning Glory,Electronica/Dance,MPEG audio file
Jane Peacock,Hugh O'Reilly,Ireland,0.99,Dublin,2009-07-11 00:00:00,Get What You Need,Alternative & Punk,MPEG audio file
Jane Peacock,Hugh O'Reilly,Ireland,0.99,Dublin,2009-07-11 00:00:00,Take It Or Leave It,Alternative & Punk,MPEG audio file
Jane Peacock,Hugh O'Reilly,Ireland,0.99,Dublin,2009-07-11 00:00:00,Can You See Me,Rock,MPEG audio file
Steve Johnson,Lucas Mancini,Italy,0.99,Rome,2009-07-16 00:00:00,Stone Free,Rock,MPEG audio file
Steve Johnson,Lucas Mancini,Italy,0.99,Rome,2009-07-16 00:00:00,Satch Boogie,Rock,Protected AAC audio file
Steve Johnson,Lucas Mancini,Italy,0.99,Rome,2009-07-16 00:00:00,Salve Simpatia,Latin,MPEG audio file
Steve Johnson,Lucas Mancini,Italy,0.99,Rome,2009-07-16 00:00:00,Filho Maravilha,Latin,MPEG audio file
Steve Johnson,Lucas Mancini,Italy,0.99,Rome,2009-07-16 00:00:00,Dance Enquanto é Tempo,Latin,MPEG audio file
Steve Johnson,Lucas Mancini,Italy,0.99,Rome,2009-07-16 00:00:00,Voce Inteira,World,MPEG audio file
Steve Johnson,Lucas Mancini,Italy,0.99,Rome,2009-07-16 00:00:00,Enquanto O Dia Não Vem,World,MPEG audio file
Steve Johnson,Lucas Mancini,Italy,0.99,Rome,2009-07-16 00:00:00,Turbo Lover,Metal,MPEG audio file
Steve Johnson,Lucas Mancini,Italy,0.99,Rome,2009-07-16 00:00:00,Plaster Caster,Rock,MPEG audio file
Steve Johnson,Lucas Mancini,Italy,0.99,Rome,2009-07-16 00:00:00,Every Time I Look At You,Rock,MPEG audio file
Steve Johnson,Lucas Mancini,Italy,0.99,Rome,2009-07-16 00:00:00,Dazed And Confused,Rock,MPEG audio file
Steve Johnson,Lucas Mancini,Italy,0.99,Rome,2009-07-16 00:00:00,Walter's Walk,Rock,MPEG audio file
Steve Johnson,Lucas Mancini,Italy,0.99,Rome,2009-07-16 00:00:00,Dancing Days,Rock,MPEG audio file
Steve Johnson,Lucas Mancini,Italy,0.99,Rome,2009-07-16 00:00:00,All My Love,Rock,MPEG audio file
Steve Johnson,Johannes Van der Berg,Netherlands,0.99,Amsterdam,2009-07-24 00:00:00,Your Time Is Gonna Come,Rock,MPEG audio file
Margaret Park,Stanisław Wójcik,Poland,0.99,Warsaw,2009-08-06 00:00:00,Black Mountain Side,Rock,MPEG audio file
Margaret Park,Stanisław Wójcik,Poland,0.99,Warsaw,2009-08-06 00:00:00,Communication Breakdown,Rock,MPEG audio file
Steve Johnson,Enrique Muñoz,Spain,0.99,Madrid,2009-08-06 00:00:00,How Many More Times,Rock,MPEG audio file
Steve Johnson,Enrique Muñoz,Spain,0.99,Madrid,2009-08-06 00:00:00,What Is And What Should Never Be,Rock,MPEG audio file
Steve Johnson,Joakim Johansson,Sweden,0.99,Stockholm,2009-08-07 00:00:00,Thank You,Rock,MPEG audio file
Steve Johnson,Joakim Johansson,Sweden,0.99,Stockholm,2009-08-07 00:00:00,Living Loving Maid (She's Just A Woman),Rock,MPEG audio file
Steve Johnson,Joakim Johansson,Sweden,0.99,Stockholm,2009-08-07 00:00:00,Moby Dick,Rock,MPEG audio file
Steve Johnson,Joakim Johansson,Sweden,0.99,Stockholm,2009-08-07 00:00:00,Immigrant Song,Rock,MPEG audio file
Jane Peacock,Emma Jones,United Kingdom,0.99,London,2009-08-08 00:00:00,Out On The Tiles,Rock,MPEG audio file
Jane Peacock,Emma Jones,United Kingdom,0.99,London,2009-08-08 00:00:00,Bron-Y-Aur Stomp,Rock,MPEG audio file
Jane Peacock,Emma Jones,United Kingdom,0.99,London,2009-08-08 00:00:00,Down By The Seaside,Rock,MPEG audio file
Jane Peacock,Emma Jones,United Kingdom,0.99,London,2009-08-08 00:00:00,Boogie With Stu,Rock,MPEG audio file
Jane Peacock,Emma Jones,United Kingdom,0.99,London,2009-08-08 00:00:00,For Your Life,Rock,MPEG audio file
Jane Peacock,Emma Jones,United Kingdom,0.99,London,2009-08-08 00:00:00,Hots On For Nowhere,Rock,MPEG audio file
Jane Peacock,Phil Hughes,United Kingdom,0.99,London,2009-08-11 00:00:00,Dazed And Confused,Rock,MPEG audio file
Jane Peacock,Phil Hughes,United Kingdom,0.99,London,2009-08-11 00:00:00,L'Avventura,Latin,MPEG audio file
Jane Peacock,Phil Hughes,United Kingdom,0.99,London,2009-08-11 00:00:00,Soul Parsifal,Latin,MPEG audio file
Jane Peacock,Phil Hughes,United Kingdom,0.99,London,2009-08-11 00:00:00,Quando Você Voltar,Latin,MPEG audio file
Jane Peacock,Phil Hughes,United Kingdom,0.99,London,2009-08-11 00:00:00,Tempo Perdido,Latin,MPEG audio file
Jane Peacock,Phil Hughes,United Kingdom,0.99,London,2009-08-11 00:00:00,Meninos E Meninas,Latin,MPEG audio file
Jane Peacock,Phil Hughes,United Kingdom,0.99,London,2009-08-11 00:00:00,Are You Gonna Go My Way,Rock,MPEG audio file
Jane Peacock,Phil Hughes,United Kingdom,0.99,London,2009-08-11 00:00:00,Mr. Cab Driver,Rock,MPEG audio file
Jane Peacock,Phil Hughes,United Kingdom,0.99,London,2009-08-11 00:00:00,Believe,Rock,MPEG audio file
Steve Johnson,Steve Murray,United Kingdom,0.99,Edinburgh ,2009-08-16 00:00:00,Condição,Latin,MPEG audio file
Steve Johnson,Steve Murray,United Kingdom,0.99,Edinburgh ,2009-08-16 00:00:00,Aquilo,Latin,MPEG audio file
Steve Johnson,Steve Murray,United Kingdom,0.99,Edinburgh ,2009-08-16 00:00:00,Assaltaram A Gramática,Latin,MPEG audio file
Steve Johnson,Steve Murray,United Kingdom,0.99,Edinburgh ,2009-08-16 00:00:00,Waterhole (Expresso Bongo),Rock,MPEG audio file
Steve Johnson,Steve Murray,United Kingdom,0.99,Edinburgh ,2009-08-16 00:00:00,Tempos Modernos,Latin,MPEG audio file
Steve Johnson,Steve Murray,United Kingdom,0.99,Edinburgh ,2009-08-16 00:00:00,Dança Da Solidão,Latin,MPEG audio file
Steve Johnson,Steve Murray,United Kingdom,0.99,Edinburgh ,2009-08-16 00:00:00,When I Had Your Love,R&B/Soul,MPEG audio file
Steve Johnson,Steve Murray,United Kingdom,0.99,Edinburgh ,2009-08-16 00:00:00,Save The Children,R&B/Soul,MPEG audio file
Steve Johnson,Steve Murray,United Kingdom,0.99,Edinburgh ,2009-08-16 00:00:00,Down by the Sea,Rock,MPEG audio file
Steve Johnson,Steve Murray,United Kingdom,0.99,Edinburgh ,2009-08-16 00:00:00,The Unforgiven,Metal,MPEG audio file
Steve Johnson,Steve Murray,United Kingdom,0.99,Edinburgh ,2009-08-16 00:00:00,Helpless,Metal,MPEG audio file
Steve Johnson,Steve Murray,United Kingdom,0.99,Edinburgh ,2009-08-16 00:00:00,Stone Cold Crazy,Metal,MPEG audio file
Steve Johnson,Steve Murray,United Kingdom,0.99,Edinburgh ,2009-08-16 00:00:00,Motorbreath,Metal,MPEG audio file
Steve Johnson,Steve Murray,United Kingdom,0.99,Edinburgh ,2009-08-16 00:00:00,2 X 4,Metal,MPEG audio file
Margaret Park,Mark Taylor,Australia,0.99,Sidney,2009-08-24 00:00:00,Master Of Puppets,Metal,MPEG audio file
Margaret Park,Diego Gutiérrez,Argentina,0.99,Buenos Aires,2009-09-06 00:00:00,The Thing That Should Not Be,Metal,MPEG audio file
Margaret Park,Diego Gutiérrez,Argentina,0.99,Buenos Aires,2009-09-06 00:00:00,Welcome Home (Sanitarium),Metal,MPEG audio file
Steve Johnson,Luis Rojas,Chile,0.99,Santiago,2009-09-06 00:00:00,Leper Messiah,Metal,MPEG audio file
Steve Johnson,Luis Rojas,Chile,0.99,Santiago,2009-09-06 00:00:00,Damage Inc.,Metal,MPEG audio file
Jane Peacock,Manoj Pareek,India,0.99,Delhi,2009-09-07 00:00:00,The Memory Remains,Metal,MPEG audio file
Jane Peacock,Manoj Pareek,India,0.99,Delhi,2009-09-07 00:00:00,The Unforgiven II,Metal,MPEG audio file
Jane Peacock,Manoj Pareek,India,0.99,Delhi,2009-09-07 00:00:00,Slither,Metal,MPEG audio file
Jane Peacock,Manoj Pareek,India,0.99,Delhi,2009-09-07 00:00:00,Bad Seed,Metal,MPEG audio file
Jane Peacock,Puja Srivastava,India,0.99,Bangalore,2009-09-08 00:00:00,Attitude,Metal,MPEG audio file
Jane Peacock,Puja Srivastava,India,0.99,Bangalore,2009-09-08 00:00:00,For Whom The Bell Tolls,Metal,MPEG audio file
Jane Peacock,Puja Srivastava,India,0.99,Bangalore,2009-09-08 00:00:00,Creeping Death,Metal,MPEG audio file
Jane Peacock,Puja Srivastava,India,0.99,Bangalore,2009-09-08 00:00:00,Some Kind Of Monster,Metal,MPEG audio file
Jane Peacock,Puja Srivastava,India,0.99,Bangalore,2009-09-08 00:00:00,Shoot Me Again,Metal,MPEG audio file
Jane Peacock,Puja Srivastava,India,0.99,Bangalore,2009-09-08 00:00:00,All Within My Hands,Metal,MPEG audio file
