InvoiceId,CustomerName,CustomerName,City,Phone,Email,Genre,MediaType,TrackName,Price,Album,ArtistName
1,Leonie Köhler,Steve Johnson,Stuttgart,+49 0711 2842222,leonekohler@surfeu.de,Rock,Protected AAC audio file,Balls to the Wall,0.99,Balls to the Wall,Accept
2,Bjørn Hansen,Margaret Park,Oslo,+47 22 44 22 22,bjorn.hansen@yahoo.no,Rock,MPEG audio file,Put The Finger On You,0.99,For Those About To Rock We Salute You,AC/DC
3,Daan Peeters,Margaret Park,Brussels,+32 02 219 03 03,daan_peeters@apple.be,Rock,MPEG audio file,Dog Eat Dog,0.99,Let There Be Rock,AC/DC
4,Mark Philips,Steve Johnson,Edmonton,+1 (780) 434-4554,mphilips12@shaw.ca,Rock,MPEG audio file,Right Through You,0.99,Jagged Little Pill,Alanis Morissette
5,John Gordon,Margaret Park,Boston,+1 (617) 522-1333,johngordon22@yahoo.com,Alternative & Punk,MPEG audio file,Your Time Has Come,0.99,Out Of Exile,Audioslave
6,Fynn Zimmermann,Jane Peacock,Frankfurt,+49 069 40598889,fzimmermann@yahoo.de,Latin,MPEG audio file,"Bye, Bye Brasil",0.99,Minha Historia,Chico Buarque
7,Niklas Schröder,Jane Peacock,Berlin,+49 030 2141444,nschroder@surfeu.de,Latin,MPEG audio file,Atras Da Porta,0.99,Minha Historia,Chico Buarque
8,Dominique Lefebvre,Margaret Park,Paris,+33 01 47 42 71 71,dominiquelefebvre@gmail.com,Latin,MPEG audio file,Morena De Angola,0.99,Minha Historia,Chico Buarque
9,Wyatt Girard,Jane Peacock,Bordeaux,+33 05 56 96 96 96,wyatt.girard@yahoo.fr,Latin,MPEG audio file,Com Açúcar E Com Afeto,0.99,Minha Historia,Chico Buarque
10,Hugh O'Reilly,Jane Peacock,Dublin,+353 01 6792424,hughoreilly@apple.ie,Latin,MPEG audio file,Etnia,0.99,Afrociberdelia,Chico Science & Nação Zumbi
11,Emma Jones,Jane Peacock,London,+44 020 7707 0707,emma_jones@hotmail.com,Latin,MPEG audio file,Samba Makossa,0.99,Da Lama Ao Caos,Chico Science & Nação Zumbi
12,Leonie Köhler,Steve Johnson,Stuttgart,+49 0711 2842222,leonekohler@surfeu.de,Pop,MPEG audio file,Lavadeira,0.99,Axé Bahia 2001,Various Artists
13,Frank Harris,Margaret Park,Mountain View,+1 (650) 253-0000,fharris@google.com,Jazz,MPEG audio file,Valentino's,0.99,Heart of the Night,Spyro Gyra
14,Jack Smith,Steve Johnson,Redmond,+1 (425) 882-8080,jacksmith@microsoft.com,Jazz,MPEG audio file,Believe,0.99,Heart of the Night,Spyro Gyra
15,Tim Goyer,Jane Peacock,Cupertino,+1 (408) 996-1010,tgoyer@apple.com,Jazz,MPEG audio file,J Squared,0.99,Heart of the Night,Spyro Gyra
16,Kathy Chase,Steve Johnson,Reno,+1 (775) 223-7665,kachase@hotmail.com,Alternative & Punk,MPEG audio file,Longview,0.99,International Superhits,Green Day
17,Victor Stevens,Steve Johnson,Madison,+1 (608) 257-0597,vstevens@yahoo.com,Alternative & Punk,MPEG audio file,Stuck With Me,0.99,International Superhits,Green Day
18,Martha Silk,Steve Johnson,Halifax,+1 (902) 450-0450,marthasilk@gmail.com,Latin,MPEG audio file,"Diga Lá, Coração",0.99,Meus Momentos,Gonzaguinha
19,Dominique Lefebvre,Margaret Park,Paris,+33 01 47 42 71 71,dominiquelefebvre@gmail.com,Latin,MPEG audio file,União Da Ilha,0.99,Sambas De Enredo 2001,Various Artists
20,Steve Murray,Steve Johnson,Edinburgh ,+44 0131 315 3300,steve.murray@yahoo.uk,Rock,MPEG audio file,Someday Never Comes,0.99,"Chronicle, Vol. 1",Creedence Clearwater Revival
21,Mark Taylor,Margaret Park,Sidney,+61 (02) 9332 3633,mark.taylor@yahoo.au,Rock,MPEG audio file,Walking On The Water,0.99,"Chronicle, Vol. 2",Creedence Clearwater Revival
22,Luis Rojas,Steve Johnson,Santiago,+56 (0)2 635 4444,luisrojas@yahoo.cl,Rock,MPEG audio file,Good Golly Miss Molly,0.99,"Chronicle, Vol. 2",Creedence Clearwater Revival
23,Puja Srivastava,Jane Peacock,Bangalore,+91 080 22289999,puja_srivastava@yahoo.in,Rock,MPEG audio file,Cotton Fields,0.99,"Chronicle, Vol. 2",Creedence Clearwater Revival
24,Bjørn Hansen,Margaret Park,Oslo,+47 22 44 22 22,bjorn.hansen@yahoo.no,Rock,MPEG audio file,Born To Move,0.99,"Chronicle, Vol. 2",Creedence Clearwater Revival
25,Eduardo Martins,Margaret Park,São Paulo,+55 (11) 3033-5446,eduardo@woodstock.com.br,Latin,MPEG audio file,Admirável Gado Novo,0.99,Cássia Eller - Sem Limite [Disc 1],Cássia Eller
26,Tim Goyer,Jane Peacock,Cupertino,+1 (408) 996-1010,tgoyer@apple.com,Rock,MPEG audio file,Hey Cisco,0.99,Purpendicular,Deep Purple
27,Ellie Sullivan,Jane Peacock,Yellowknife,+1 (867) 920-2233,ellie.sullivan@shaw.ca,Alternative & Punk,MPEG audio file,Naked In Front Of The Computer,0.99,Album Of The Year,Faith No More
28,João Fernandes,Margaret Park,Lisbon,+351 (213) 466-111,jfernandes@yahoo.pt,Alternative & Punk,MPEG audio file,Helpless,0.99,Album Of The Year,Faith No More
29,Hannah Schneider,Steve Johnson,Berlin,+49 030 26550280,hannah.schneider@yahoo.de,Alternative & Punk,MPEG audio file,She Loves Me Not,0.99,Album Of The Year,Faith No More
30,Niklas Schröder,Jane Peacock,Berlin,+49 030 2141444,nschroder@surfeu.de,Alternative & Punk,MPEG audio file,Pristina,0.99,Album Of The Year,Faith No More
31,Wyatt Girard,Jane Peacock,Bordeaux,+33 05 56 96 96 96,wyatt.girard@yahoo.fr,Alternative & Punk,MPEG audio file,A Small Victory,0.99,Angel Dust,Faith No More
32,Johannes Van der Berg,Steve Johnson,Amsterdam,+31 020 6223130,johavanderberg@yahoo.nl,Alternative & Punk,MPEG audio file,Underwater Love,0.99,The Real Thing,Faith No More
33,Luis Rojas,Steve Johnson,Santiago,+56 (0)2 635 4444,luisrojas@yahoo.cl,Rock,MPEG audio file,See You,0.99,The Colour And The Shape,Foo Fighters
34,Roberto Almeida,Jane Peacock,Rio de Janeiro,+55 (21) 2271-7000,roberto.almeida@riotur.gov.br,Rock,Protected AAC audio file,Right Next Door to Hell,0.99,Use Your Illusion I,Guns N' Roses
35,Fernanda Ramos,Margaret Park,Brasília,+55 (61) 3363-5547,fernadaramos4@uol.com.br,Rock,Protected AAC audio file,Dust N' Bones,0.99,Use Your Illusion I,Guns N' Roses
36,Jennifer Peterson,Jane Peacock,Vancouver,+1 (604) 688-2255,jenniferp@rogers.ca,Rock,Protected AAC audio file,Perfect Crime,0.99,Use Your Illusion I,Guns N' Roses
37,Jack Smith,Steve Johnson,Redmond,+1 (425) 882-8080,jacksmith@microsoft.com,Rock,Protected AAC audio file,Double Talkin' Jive,0.99,Use Your Illusion I,Guns N' Roses
38,Kathy Chase,Steve Johnson,Reno,+1 (775) 223-7665,kachase@hotmail.com,Metal,MPEG audio file,Yesterdays,0.99,Use Your Illusion II,Guns N' Roses
39,Patrick Gray,Margaret Park,Tucson,+1 (520) 622-4200,patrick.gray@aol.com,Rock,Protected AAC audio file,These Colours Don't Run,0.99,A Matter of Life and Death,Iron Maiden
40,Hannah Schneider,Steve Johnson,Berlin,+49 030 26550280,hannah.schneider@yahoo.de,Rock,MPEG audio file,Fear Is The Key,0.99,Fear Of The Dark,Iron Maiden
41,Enrique Muñoz,Steve Johnson,Madrid,+34 914 454 454,enrique_munoz@yahoo.es,Metal,MPEG audio file,Hallowed Be Thy Name,0.99,The Number of The Beast,Iron Maiden
42,Joakim Johansson,Steve Johnson,Stockholm,+46 08-651 52 52,joakim.johansson@yahoo.se,Metal,MPEG audio file,Invaders,0.99,The Number of The Beast,Iron Maiden
43,Phil Hughes,Jane Peacock,London,+44 020 7976 5722,phil.hughes@gmail.com,Metal,MPEG audio file,The Prisoner,0.99,The Number of The Beast,Iron Maiden
44,Mark Taylor,Margaret Park,Sidney,+61 (02) 9332 3633,mark.taylor@yahoo.au,Rock,MPEG audio file,Fortunes Of War,0.99,The X Factor,Iron Maiden
45,Puja Srivastava,Jane Peacock,Bangalore,+91 080 22289999,puja_srivastava@yahoo.in,Rock,MPEG audio file,Lightning Strikes Twice,0.99,Virtual XI,Iron Maiden
46,Helena Holý,Steve Johnson,Prague,+420 2 4177 0449,hholy@gmail.com,Rock,MPEG audio file,When You Gonna Learn (Digeridoo),0.99,Emergency On Planet Earth,Jamiroquai
47,Jennifer Peterson,Jane Peacock,Vancouver,+1 (604) 688-2255,jenniferp@rogers.ca,Rock,MPEG audio file,Stone Free,0.99,Are You Experienced?,Jimi Hendrix
48,Robert Brown,Jane Peacock,Toronto,+1 (416) 363-8888,robbrown@shaw.ca,Rock,MPEG audio file,Your Time Is Gonna Come,0.99,Led Zeppelin I,Led Zeppelin
49,Edward Francis,Jane Peacock,Ottawa,+1 (613) 234-3322,edfrancis@yachoo.ca,Rock,MPEG audio file,Black Mountain Side,0.99,Led Zeppelin I,Led Zeppelin
50,Aaron Mitchell,Margaret Park,Winnipeg,+1 (204) 452-6452,aaronmitchell@yahoo.ca,Rock,MPEG audio file,How Many More Times,0.99,Led Zeppelin I,Led Zeppelin
51,João Fernandes,Margaret Park,Lisbon,+351 (213) 466-111,jfernandes@yahoo.pt,Rock,MPEG audio file,Thank You,0.99,Led Zeppelin II,Led Zeppelin
52,Niklas Schröder,Jane Peacock,Berlin,+49 030 2141444,nschroder@surfeu.de,Rock,MPEG audio file,Out On The Tiles,0.99,Led Zeppelin III,Led Zeppelin
53,Terhi Hämäläinen,Jane Peacock,Helsinki,+358 09 870 2000,terhi.hamalainen@apple.fi,Rock,MPEG audio file,Dazed And Confused,0.99,The Song Remains The Same (Disc 1),Led Zeppelin
54,Phil Hughes,Jane Peacock,London,+44 020 7976 5722,phil.hughes@gmail.com,Latin,MPEG audio file,Condição,0.99,Lulu Santos - RCA 100 Anos De Música - Álbum 01,Lulu Santos
55,Daan Peeters,Margaret Park,Brussels,+32 02 219 03 03,daan_peeters@apple.be,Metal,MPEG audio file,Master Of Puppets,0.99,Master Of Puppets,Metallica
56,Kara Nielsen,Margaret Park,Copenhagen,+453 3331 9991,kara.nielsen@jubii.dk,Metal,MPEG audio file,The Thing That Should Not Be,0.99,Master Of Puppets,Metallica
57,Alexandre Rocha,Steve Johnson,São Paulo,+55 (11) 3055-3278,alero@uol.com.br,Metal,MPEG audio file,Leper Messiah,0.99,Master Of Puppets,Metallica
58,Fernanda Ramos,Margaret Park,Brasília,+55 (61) 3363-5547,fernadaramos4@uol.com.br,Metal,MPEG audio file,The Memory Remains,0.99,ReLoad,Metallica
59,Jack Smith,Steve Johnson,Redmond,+1 (425) 882-8080,jacksmith@microsoft.com,Metal,MPEG audio file,Attitude,0.99,ReLoad,Metallica
60,John Gordon,Margaret Park,Boston,+1 (617) 522-1333,johngordon22@yahoo.com,Metal,MPEG audio file,Harvester Of Sorrow,0.99,...And Justice For All,Metallica
61,Aaron Mitchell,Margaret Park,Winnipeg,+1 (204) 452-6452,aaronmitchell@yahoo.ca,Metal,MPEG audio file,Please Don't Touch,0.99,Ace Of Spades,Motörhead
62,Hugh O'Reilly,Jane Peacock,Dublin,+353 01 6792424,hughoreilly@apple.ie,Latin,MPEG audio file,Perplexo,0.99,Arquivo Os Paralamas Do Sucesso,Os Paralamas Do Sucesso
63,Lucas Mancini,Steve Johnson,Rome,+39 06 39733434,lucas.mancini@yahoo.it,Latin,MPEG audio file,Me Liga,0.99,Arquivo Os Paralamas Do Sucesso,Os Paralamas Do Sucesso
64,Stanisław Wójcik,Margaret Park,Warsaw,+48 22 828 37 39,stanisław.wójcik@wp.pl,Latin,MPEG audio file,Romance Ideal,0.99,Arquivo Os Paralamas Do Sucesso,Os Paralamas Do Sucesso
65,Joakim Johansson,Steve Johnson,Stockholm,+46 08-651 52 52,joakim.johansson@yahoo.se,Rock,Protected AAC audio file,I Don't Know,0.99,Blizzard of Ozz,Ozzy Osbourne
66,Mark Taylor,Margaret Park,Sidney,+61 (02) 9332 3633,mark.taylor@yahoo.au,Metal,MPEG audio file,Relvelation (Mother Earth),0.99,Tribute,Ozzy Osbourne
67,Leonie Köhler,Steve Johnson,Stuttgart,+49 0711 2842222,leonekohler@surfeu.de,Soundtrack,MPEG audio file,Beach Sequence,0.99,Original Soundtracks 1,Passengers
68,Alexandre Rocha,Steve Johnson,São Paulo,+55 (11) 3055-3278,alero@uol.com.br,Rock,MPEG audio file,Green Disease,0.99,Riot Act,Pearl Jam
69,Victor Stevens,Steve Johnson,Madison,+1 (608) 257-0597,vstevens@yahoo.com,Alternative & Punk,MPEG audio file,Carnival Of Sorts,0.99,The Best Of R.E.M.: The IRS Years,R.E.M.
70,Richard Cunningham,Margaret Park,Fort Worth,+1 (817) 924-7272,ricunningham@hotmail.com,Alternative & Punk,MPEG audio file,Radio Free Aurope,0.99,The Best Of R.E.M.: The IRS Years,R.E.M.
71,Julia Barnett,Steve Johnson,Salt Lake City,+1 (801) 531-7272,jubarnett@gmail.com,Alternative & Punk,MPEG audio file,So Central Rain,0.99,The Best Of R.E.M.: The IRS Years,R.E.M.
72,Edward Francis,Jane Peacock,Ottawa,+1 (613) 234-3322,edfrancis@yachoo.ca,Alternative & Punk,MPEG audio file,Can't Get There From Here,0.99,The Best Of R.E.M.: The IRS Years,R.E.M.
73,João Fernandes,Margaret Park,Lisbon,+351 (213) 466-111,jfernandes@yahoo.pt,Alternative & Punk,MPEG audio file,Papeau Nuky Doe,0.99,Cesta Básica,Raimundos
74,Dominique Lefebvre,Margaret Park,Paris,+33 01 47 42 71 71,dominiquelefebvre@gmail.com,Alternative & Punk,MPEG audio file,Suck My Kiss,0.99,Blood Sugar Sex Magik,Red Hot Chili Peppers
75,Stanisław Wójcik,Margaret Park,Warsaw,+48 22 828 37 39,stanisław.wójcik@wp.pl,Rock,MPEG audio file,Finding My Way,0.99,Retrospective I (1974-1980),Rush
76,Bjørn Hansen,Margaret Park,Oslo,+47 22 44 22 22,bjorn.hansen@yahoo.no,Rock,MPEG audio file,Plush,0.99,Core,Stone Temple Pilots
77,František Wichterlová,Margaret Park,Prague,+420 2 4172 5555,frantisekw@jetbrains.com,Rock,MPEG audio file,Wet My Bed,0.99,Core,Stone Temple Pilots
78,Astrid Gruber,Steve Johnson,Vienne,+43 01 5134505,astrid.gruber@apple.at,Metal,MPEG audio file,Soldier Side - Intro,0.99,Mezmerize,System Of A Down
79,Kara Nielsen,Margaret Park,Copenhagen,+453 3331 9991,kara.nielsen@jubii.dk,Metal,MPEG audio file,Radio/Video,0.99,Mezmerize,System Of A Down
80,Fernanda Ramos,Margaret Park,Brasília,+55 (61) 3363-5547,fernadaramos4@uol.com.br,Rock,MPEG audio file,Black Light Syndrome,0.99,[1997] Black Light Syndrome,"Terry Bozzio, Tony Levin & Steve Stevens"
81,Tim Goyer,Jane Peacock,Cupertino,+1 (408) 996-1010,tgoyer@apple.com,Alternative & Punk,MPEG audio file,Clash City Rockers,0.99,The Singles,The Clash
82,Julia Barnett,Steve Johnson,Salt Lake City,+1 (801) 531-7272,jubarnett@gmail.com,Rock,MPEG audio file,Can't Stand Losing You,0.99,The Police Greatest Hits,The Police
83,Wyatt Girard,Jane Peacock,Bordeaux,+33 05 56 96 96 96,wyatt.girard@yahoo.fr,Alternative & Punk,MPEG audio file,Go Back,0.99,Acústico,Titãs
84,Isabelle Mercier,Jane Peacock,Dijon,+33 03 80 73 66 99,isabelle_mercier@apple.fr,Alternative & Punk,MPEG audio file,Prá Dizer Adeus,0.99,Acústico,Titãs
85,Ladislav Kovács,Jane Peacock,Budapest,,ladislav_kovacs@apple.hu,Alternative & Punk,MPEG audio file,O Pulso,0.99,Acústico,Titãs
86,Lucas Mancini,Steve Johnson,Rome,+39 06 39733434,lucas.mancini@yahoo.it,Alternative & Punk,MPEG audio file,Palavras,0.99,Acústico,Titãs
87,Joakim Johansson,Steve Johnson,Stockholm,+46 08-651 52 52,joakim.johansson@yahoo.se,Alternative & Punk,MPEG audio file,Querem Meu Sangue,0.99,Acústico,Titãs
88,Luis Rojas,Steve Johnson,Santiago,+56 (0)2 635 4444,luisrojas@yahoo.cl,Science Fiction,Protected MPEG-4 video file,Hero,1.99,"Battlestar Galactica, Season 3",Battlestar Galactica
89,Astrid Gruber,Steve Johnson,Vienne,+43 01 5134505,astrid.gruber@apple.at,TV Shows,Protected MPEG-4 video file,Solitary,1.99,"Lost, Season 1",Lost
90,Kathy Chase,Steve Johnson,Reno,+1 (775) 223-7665,kachase@hotmail.com,Rock,MPEG audio file,Desire,0.99,The Best Of 1980-1990,U2
91,Heather Leacock,Margaret Park,Orlando,+1 (407) 999-7788,hleacock@gmail.com,Rock,MPEG audio file,When Love Comes To Town,0.99,The Best Of 1980-1990,U2
92,Frank Ralston,Jane Peacock,Chicago,+1 (312) 332-3232,fralston@gmail.com,Rock,MPEG audio file,Sunday Bloody Sunday,0.99,War,U2
93,Richard Cunningham,Margaret Park,Fort Worth,+1 (817) 924-7272,ricunningham@hotmail.com,Rock,MPEG audio file,Drowning Man,0.99,War,U2
94,Edward Francis,Jane Peacock,Ottawa,+1 (613) 234-3322,edfrancis@yachoo.ca,Rock,MPEG audio file,"Stay (Faraway, So Close!)",0.99,Zooropa,U2
95,Hannah Schneider,Steve Johnson,Berlin,+49 030 26550280,hannah.schneider@yahoo.de,Rock,MPEG audio file,Dancing In The Street,0.99,Diver Down,Van Halen
96,Ladislav Kovács,Jane Peacock,Budapest,,ladislav_kovacs@apple.hu,Rock,MPEG audio file,Dirty Little Thing,0.99,Contraband,Velvet Revolver
97,Puja Srivastava,Jane Peacock,Bangalore,+91 080 22289999,puja_srivastava@yahoo.in,Sci Fi & Fantasy,Protected MPEG-4 video file,Baltar's Escape,1.99,"Battlestar Galactica (Classic), Season 1",Battlestar Galactica (Classic)
98,Luís Gonçalves,Jane Peacock,São José dos Campos,+55 (12) 3923-5555,luisg@embraer.com.br,Sci Fi & Fantasy,Protected MPEG-4 video file,Experiment In Terra,1.99,"Battlestar Galactica (Classic), Season 1",Battlestar Galactica (Classic)
99,François Tremblay,Jane Peacock,Montréal,+1 (514) 721-4711,ftremblay@gmail.com,TV Shows,Protected MPEG-4 video file,Pilot,1.99,Aquaman,Aquaman
100,František Wichterlová,Margaret Park,Prague,+420 2 4172 5555,frantisekw@jetbrains.com,Pop,Protected AAC audio file,#9 Dream,0.99,Instant Karma: The Amnesty International Campaign to Save Darfur,U2
101,Kara Nielsen,Margaret Park,Copenhagen,+453 3331 9991,kara.nielsen@jubii.dk,Pop,Protected AAC audio file,Jealous Guy,0.99,Instant Karma: The Amnesty International Campaign to Save Darfur,U2
102,Jennifer Peterson,Jane Peacock,Vancouver,+1 (604) 688-2255,jenniferp@rogers.ca,Rock,Protected AAC audio file,The Zoo,0.99,20th Century Masters - The Millennium Collection: The Best of Scorpions,Scorpions
103,Frank Ralston,Jane Peacock,Chicago,+1 (312) 332-3232,fralston@gmail.com,TV Shows,Protected MPEG-4 video file,Meet Kevin Johnson,1.99,"LOST, Season 4",Lost
104,Niklas Schröder,Jane Peacock,Berlin,+49 030 2141444,nschroder@surfeu.de,Alternative,Protected AAC audio file,Slowness,0.99,Carried to Dust (Bonus Track Version),Calexico
105,Camille Bernard,Margaret Park,Paris,+33 01 49 70 65 65,camille.bernard@yahoo.fr,Classical,Purchased AAC audio file,"Prometheus Overture, Op. 43",0.99,Beethoven: Symphony No. 6 'Pastoral' Etc.,Otto Klemperer & Philharmonia Orchestra
106,Marc Dubois,Steve Johnson,Lyon,+33 04 78 30 30 30,marc.dubois@hotmail.com,Classical,Protected AAC audio file,"Suite No. 3 in D, BWV 1068: III. Gavotte I & II",0.99,Bach: Orchestral Suites Nos. 1 - 4,"Academy of St. Martin in the Fields, Sir Neville Marriner & Thurston Dart"
107,Isabelle Mercier,Jane Peacock,Dijon,+33 03 80 73 66 99,isabelle_mercier@apple.fr,Classical,Protected AAC audio file,"Act IV, Symphony",0.99,Purcell: The Fairy Queen,"Roger Norrington, London Classical Players"
108,Lucas Mancini,Steve Johnson,Rome,+39 06 39733434,lucas.mancini@yahoo.it,Classical,Purchased AAC audio file,"Étude 1, In C Major - Preludio (Presto) - Liszt",0.99,Liszt - 12 Études D'Execution Transcendante,Michele Campanella
109,Phil Hughes,Jane Peacock,London,+44 020 7976 5722,phil.hughes@gmail.com,Rock,MPEG audio file,Problem Child,0.99,Let There Be Rock,AC/DC
110,François Tremblay,Jane Peacock,Montréal,+1 (514) 721-4711,ftremblay@gmail.com,Jazz,MPEG audio file,"Canta, Canta Mais",0.99,Warner 25 Anos,Antônio Carlos Jobim
111,Jack Smith,Steve Johnson,Redmond,+1 (425) 882-8080,jacksmith@microsoft.com,Latin,MPEG audio file,Meditação,0.99,Prenda Minha,Caetano Veloso
112,Michelle Brooks,Jane Peacock,New York,+1 (212) 221-3546,michelleb@aol.com,Latin,MPEG audio file,Terra,0.99,Prenda Minha,Caetano Veloso
113,Dan Miller,Margaret Park,Mountain View,+1 (650) 644-3358,dmiller@comcast.com,Latin,MPEG audio file,Bem Devagar,0.99,Prenda Minha,Caetano Veloso
114,Heather Leacock,Margaret Park,Orlando,+1 (407) 999-7788,hleacock@gmail.com,Latin,MPEG audio file,Sozinho,0.99,Prenda Minha,Caetano Veloso
115,Richard Cunningham,Margaret Park,Fort Worth,+1 (817) 924-7272,ricunningham@hotmail.com,Latin,MPEG audio file,Sozinho (Caêdrum 'n' Bass),0.99,Sozinho Remix Ao Vivo,Caetano Veloso
116,Aaron Mitchell,Margaret Park,Winnipeg,+1 (204) 452-6452,aaronmitchell@yahoo.ca,Latin,MPEG audio file,Um Passeio No Mundo Livre,0.99,Afrociberdelia,Chico Science & Nação Zumbi
117,Marc Dubois,Steve Johnson,Lyon,+33 04 78 30 30 30,marc.dubois@hotmail.com,Reggae,MPEG audio file,Na Frente Da TV,0.99,Cidade Negra - Hits,Cidade Negra
118,Mark Taylor,Margaret Park,Sidney,+61 (02) 9332 3633,mark.taylor@yahoo.au,Rock,MPEG audio file,Sure Know Something,0.99,Greatest Kiss,Kiss
119,Diego Gutiérrez,Margaret Park,Buenos Aires,+54 (0)11 4311 4333,diego.gutierrez@yahoo.ar,Rock,MPEG audio file,Love Gun,0.99,Greatest Kiss,Kiss
120,Manoj Pareek,Jane Peacock,Delhi,+91 0124 39883988,manoj.pareek@rediff.com,Rock,MPEG audio file,Shock Me,0.99,Greatest Kiss,Kiss
121,Luís Gonçalves,Jane Peacock,São José dos Campos,+55 (12) 3923-5555,luisg@embraer.com.br,Rock,MPEG audio file,Shout It Out Loud,0.99,Greatest Kiss,Kiss
122,František Wichterlová,Margaret Park,Prague,+420 2 4172 5555,frantisekw@jetbrains.com,Jazz,MPEG audio file,De La Luz,0.99,Heart of the Night,Spyro Gyra
123,Alexandre Rocha,Steve Johnson,São Paulo,+55 (11) 3055-3278,alero@uol.com.br,Alternative & Punk,MPEG audio file,Redundant,0.99,International Superhits,Green Day
124,Dan Miller,Margaret Park,Mountain View,+1 (650) 644-3358,dmiller@comcast.com,Alternative & Punk,MPEG audio file,"Posso Perder Minha Mulher, Minha Mãe, Desde Que Eu Tenha O Rock And Roll",0.99,Minha História,Os Mutantes
125,João Fernandes,Margaret Park,Lisbon,+351 (213) 466-111,jfernandes@yahoo.pt,Latin,MPEG audio file,As Rosas Não Falam (Beth Carvalho),0.99,Vozes do MPB,Various Artists
126,Madalena Sampaio,Margaret Park,Porto,+351 (225) 022-448,masampaio@sapo.pt,Latin,MPEG audio file,Wave (Os Cariocas),0.99,Vozes do MPB,Various Artists
127,Fynn Zimmermann,Jane Peacock,Frankfurt,+49 069 40598889,fzimmermann@yahoo.de,Rock,MPEG audio file,Susie Q,0.99,"Chronicle, Vol. 1",Creedence Clearwater Revival
128,Camille Bernard,Margaret Park,Paris,+33 01 49 70 65 65,camille.bernard@yahoo.fr,Rock,MPEG audio file,Lodi,0.99,"Chronicle, Vol. 1",Creedence Clearwater Revival
129,Isabelle Mercier,Jane Peacock,Dijon,+33 03 80 73 66 99,isabelle_mercier@apple.fr,Rock,MPEG audio file,Long As I Can See The Light,0.99,"Chronicle, Vol. 1",Creedence Clearwater Revival
130,Stanisław Wójcik,Margaret Park,Warsaw,+48 22 828 37 39,stanisław.wójcik@wp.pl,Latin,MPEG audio file,Gatas Extraordinárias,0.99,Cássia Eller - Coleção Sem Limite [Disc 2],Cássia Eller
131,Manoj Pareek,Jane Peacock,Delhi,+91 0124 39883988,manoj.pareek@rediff.com,Rock,MPEG audio file,Black Night,0.99,Knocking at Your Back Door: The Best Of Deep Purple in the 80's,Deep Purple
132,Fernanda Ramos,Margaret Park,Brasília,+55 (61) 3363-5547,fernadaramos4@uol.com.br,Blues,MPEG audio file,Lay Down Sally,0.99,The Cream Of Clapton,Eric Clapton
133,Mark Philips,Steve Johnson,Edmonton,+1 (780) 434-4554,mphilips12@shaw.ca,Blues,MPEG audio file,Knockin On Heavens Door,0.99,The Cream Of Clapton,Eric Clapton
134,Frank Harris,Margaret Park,Mountain View,+1 (650) 253-0000,fharris@google.com,Blues,MPEG audio file,Promises,0.99,The Cream Of Clapton,Eric Clapton
135,Michelle Brooks,Jane Peacock,New York,+1 (212) 221-3546,michelleb@aol.com,Blues,MPEG audio file,Hey Hey,0.99,Unplugged,Eric Clapton
136,Heather Leacock,Margaret Park,Orlando,+1 (407) 999-7788,hleacock@gmail.com,Blues,MPEG audio file,Old Love,0.99,Unplugged,Eric Clapton
137,Julia Barnett,Steve Johnson,Salt Lake City,+1 (801) 531-7272,jubarnett@gmail.com,Alternative & Punk,MPEG audio file,Midnight Cowboy,0.99,Angel Dust,Faith No More
138,Fynn Zimmermann,Jane Peacock,Frankfurt,+49 069 40598889,fzimmermann@yahoo.de,Rock,MPEG audio file,Over And Out,0.99,In Your Honor [Disc 2],Foo Fighters
139,Joakim Johansson,Steve Johnson,Stockholm,+46 08-651 52 52,joakim.johansson@yahoo.se,Alternative & Punk,MPEG audio file,Holiday,0.99,American Idiot,Green Day
140,Emma Jones,Jane Peacock,London,+44 020 7707 0707,emma_jones@hotmail.com,Alternative & Punk,MPEG audio file,Boulevard Of Broken Dreams,0.99,American Idiot,Green Day
141,Steve Murray,Steve Johnson,Edinburgh ,+44 0131 315 3300,steve.murray@yahoo.uk,Alternative & Punk,MPEG audio file,Give Me Novacaine,0.99,American Idiot,Green Day
142,Diego Gutiérrez,Margaret Park,Buenos Aires,+54 (0)11 4311 4333,diego.gutierrez@yahoo.ar,Alternative & Punk,MPEG audio file,Wake Me Up When September Ends,0.99,American Idiot,Green Day
143,Luís Gonçalves,Jane Peacock,São José dos Campos,+55 (12) 3923-5555,luisg@embraer.com.br,Rock,Protected AAC audio file,Think About You,0.99,Appetite for Destruction,Guns N' Roses
144,Astrid Gruber,Steve Johnson,Vienne,+43 01 5134505,astrid.gruber@apple.at,Metal,MPEG audio file,Shotgun Blues,0.99,Use Your Illusion II,Guns N' Roses
145,Frank Harris,Margaret Park,Mountain View,+1 (650) 253-0000,fharris@google.com,Rock,MPEG audio file,Ghost Of The Navigator,0.99,Brave New World,Iron Maiden
146,Edward Francis,Jane Peacock,Ottawa,+1 (613) 234-3322,edfrancis@yachoo.ca,Rock,MPEG audio file,The Number Of The Beast,0.99,Rock In Rio [CD2],Iron Maiden
147,Martha Silk,Steve Johnson,Halifax,+1 (902) 450-0450,marthasilk@gmail.com,Rock,MPEG audio file,Hallowed Be Thy Name,0.99,Rock In Rio [CD2],Iron Maiden
148,Ellie Sullivan,Jane Peacock,Yellowknife,+1 (867) 920-2233,ellie.sullivan@shaw.ca,Metal,MPEG audio file,Moonchild,0.99,Seventh Son of a Seventh Son,Iron Maiden
149,Madalena Sampaio,Margaret Park,Porto,+351 (225) 022-448,masampaio@sapo.pt,Metal,MPEG audio file,Seventh Son of a Seventh Son,0.99,Seventh Son of a Seventh Son,Iron Maiden
150,Camille Bernard,Margaret Park,Paris,+33 01 49 70 65 65,camille.bernard@yahoo.fr,Metal,MPEG audio file,De Ja Vu,0.99,Somewhere in Time,Iron Maiden
151,Ladislav Kovács,Jane Peacock,Budapest,,ladislav_kovacs@apple.hu,Rock,MPEG audio file,The Educated Fool,0.99,Virtual XI,Iron Maiden
152,Steve Murray,Steve Johnson,Edinburgh ,+44 0131 315 3300,steve.murray@yahoo.uk,Alternative & Punk,MPEG audio file,Rollover D.J.,0.99,Get Born,JET
153,Kara Nielsen,Margaret Park,Copenhagen,+453 3331 9991,kara.nielsen@jubii.dk,Rock,MPEG audio file,Dancing Days,0.99,Houses Of The Holy,Led Zeppelin
154,Eduardo Martins,Margaret Park,São Paulo,+55 (11) 3033-5446,eduardo@woodstock.com.br,Rock,MPEG audio file,D'Yer Mak'er,0.99,Houses Of The Holy,Led Zeppelin
155,Roberto Almeida,Jane Peacock,Rio de Janeiro,+55 (21) 2271-7000,roberto.almeida@riotur.gov.br,Rock,MPEG audio file,In The Evening,0.99,In Through The Out Door,Led Zeppelin
156,Mark Philips,Steve Johnson,Edmonton,+1 (780) 434-4554,mphilips12@shaw.ca,Rock,MPEG audio file,Carouselambra,0.99,In Through The Out Door,Led Zeppelin
157,Michelle Brooks,Jane Peacock,New York,+1 (212) 221-3546,michelleb@aol.com,Rock,MPEG audio file,When The Levee Breaks,0.99,IV,Led Zeppelin
158,Frank Ralston,Jane Peacock,Chicago,+1 (312) 332-3232,fralston@gmail.com,Rock,MPEG audio file,That's The Way,0.99,Led Zeppelin III,Led Zeppelin
159,Ellie Sullivan,Jane Peacock,Yellowknife,+1 (867) 920-2233,ellie.sullivan@shaw.ca,Latin,MPEG audio file,Dezesseis,0.99,Mais Do Mesmo,Legião Urbana
160,Lucas Mancini,Steve Johnson,Rome,+39 06 39733434,lucas.mancini@yahoo.it,Metal,MPEG audio file,Motorbreath,0.99,Kill 'Em All,Metallica
161,Johannes Van der Berg,Steve Johnson,Amsterdam,+31 020 6223130,johavanderberg@yahoo.nl,Metal,MPEG audio file,Jump In The Fire,0.99,Kill 'Em All,Metallica
162,Enrique Muñoz,Steve Johnson,Madrid,+34 914 454 454,enrique_munoz@yahoo.es,Metal,MPEG audio file,Phantom Lord,0.99,Kill 'Em All,Metallica
163,Emma Jones,Jane Peacock,London,+44 020 7707 0707,emma_jones@hotmail.com,Metal,MPEG audio file,Ain't My Bitch,0.99,Load,Metallica
164,Diego Gutiérrez,Margaret Park,Buenos Aires,+54 (0)11 4311 4333,diego.gutierrez@yahoo.ar,Metal,MPEG audio file,Mama Said,0.99,Load,Metallica
165,François Tremblay,Jane Peacock,Montréal,+1 (514) 721-4711,ftremblay@gmail.com,Metal,MPEG audio file,Ride The Lightning,0.99,Ride The Lightning,Metallica
166,Roberto Almeida,Jane Peacock,Rio de Janeiro,+55 (21) 2271-7000,roberto.almeida@riotur.gov.br,Latin,MPEG audio file,Saudade Dos Aviões Da Panair (Conversando No Bar),0.99,Minas,Milton Nascimento
167,Richard Cunningham,Margaret Park,Fort Worth,+1 (817) 924-7272,ricunningham@hotmail.com,Latin,MPEG audio file,Nebulosa Do Amor,0.99,Acústico MTV,Os Paralamas Do Sucesso
168,Patrick Gray,Margaret Park,Tucson,+1 (520) 622-4200,patrick.gray@aol.com,Latin,MPEG audio file,Caleidoscópio,0.99,Acústico MTV,Os Paralamas Do Sucesso
169,Robert Brown,Jane Peacock,Toronto,+1 (416) 363-8888,robbrown@shaw.ca,Latin,MPEG audio file,Mensagen De Amor (2000),0.99,Arquivo II,Os Paralamas Do Sucesso
170,Martha Silk,Steve Johnson,Halifax,+1 (902) 450-0450,marthasilk@gmail.com,Latin,MPEG audio file,Uma Brasileira,0.99,Arquivo II,Os Paralamas Do Sucesso
171,Madalena Sampaio,Margaret Park,Porto,+351 (225) 022-448,masampaio@sapo.pt,Latin,MPEG audio file,Lanterna Dos Afogados,0.99,Arquivo Os Paralamas Do Sucesso,Os Paralamas Do Sucesso
172,Marc Dubois,Steve Johnson,Lyon,+33 04 78 30 30 30,marc.dubois@hotmail.com,Metal,MPEG audio file,Iron Man,0.99,Tribute,Ozzy Osbourne
173,Enrique Muñoz,Steve Johnson,Madrid,+34 914 454 454,enrique_munoz@yahoo.es,Rock,MPEG audio file,F*Ckin' Up,0.99,Live On Two Legs [Live],Pearl Jam
174,František Wichterlová,Margaret Park,Prague,+420 2 4172 5555,frantisekw@jetbrains.com,Alternative & Punk,MPEG audio file,Untitled,0.99,Green,R.E.M.
175,Helena Holý,Steve Johnson,Prague,+420 2 4177 0449,hholy@gmail.com,Rock,MPEG audio file,How The West Was Won And Where It Got Us,0.99,New Adventures In Hi-Fi,R.E.M.
176,Daan Peeters,Margaret Park,Brussels,+32 02 219 03 03,daan_peeters@apple.be,Rock,MPEG audio file,Undertow,0.99,New Adventures In Hi-Fi,R.E.M.
177,Eduardo Martins,Margaret Park,São Paulo,+55 (11) 3033-5446,eduardo@woodstock.com.br,Rock,MPEG audio file,Bittersweet Me,0.99,New Adventures In Hi-Fi,R.E.M.
178,Mark Philips,Steve Johnson,Edmonton,+1 (780) 434-4554,mphilips12@shaw.ca,Alternative & Punk,MPEG audio file,Endgame,0.99,Out Of Time,R.E.M. Feat. Kate Pearson
179,Dan Miller,Margaret Park,Mountain View,+1 (650) 644-3358,dmiller@comcast.com,Alternative & Punk,MPEG audio file,Puteiro Em João Pessoa,0.99,Cesta Básica,Raimundos
180,Robert Brown,Jane Peacock,Toronto,+1 (416) 363-8888,robbrown@shaw.ca,Rock,MPEG audio file,Californication,0.99,Californication,Red Hot Chili Peppers
181,Isabelle Mercier,Jane Peacock,Dijon,+33 03 80 73 66 99,isabelle_mercier@apple.fr,Jazz,MPEG audio file,Starburst,0.99,Morning Dance,Spyro Gyra
182,Terhi Hämäläinen,Jane Peacock,Helsinki,+358 09 870 2000,terhi.hamalainen@apple.fi,Jazz,MPEG audio file,Heliopolis,0.99,Morning Dance,Spyro Gyra
183,Hugh O'Reilly,Jane Peacock,Dublin,+353 01 6792424,hughoreilly@apple.ie,Jazz,MPEG audio file,End Of Romanticism,0.99,Morning Dance,Spyro Gyra
184,Johannes Van der Berg,Steve Johnson,Amsterdam,+31 020 6223130,johavanderberg@yahoo.nl,Blues,MPEG audio file,Let Me Love You Baby,0.99,In Step,Stevie Ray Vaughan & Double Trouble
185,Emma Jones,Jane Peacock,London,+44 020 7707 0707,emma_jones@hotmail.com,Rock,MPEG audio file,No Memory,0.99,Core,Stone Temple Pilots
186,Manoj Pareek,Jane Peacock,Delhi,+91 0124 39883988,manoj.pareek@rediff.com,Rock,MPEG audio file,Chaos-Control,0.99,[1997] Black Light Syndrome,"Terry Bozzio, Tony Levin & Steve Stevens"
187,Daan Peeters,Margaret Park,Brussels,+32 02 219 03 03,daan_peeters@apple.be,Rock,MPEG audio file,Love Removal Machine,0.99,"Pure Cult: The Best Of The Cult (For Rockers, Ravers, Lovers & Sinners) [UK]",The Cult
188,Heather Leacock,Margaret Park,Orlando,+1 (407) 999-7788,hleacock@gmail.com,Latin,MPEG audio file,Música No Ar,0.99,Serie Sem Limite (Disc 1),Tim Maia
189,John Gordon,Margaret Park,Boston,+1 (617) 522-1333,johngordon22@yahoo.com,Latin,MPEG audio file,Salve Nossa Senhora,0.99,Serie Sem Limite (Disc 1),Tim Maia
190,Victor Stevens,Steve Johnson,Madison,+1 (608) 257-0597,vstevens@yahoo.com,Latin,MPEG audio file,Compadre,0.99,Serie Sem Limite (Disc 1),Tim Maia
191,Patrick Gray,Margaret Park,Tucson,+1 (520) 622-4200,patrick.gray@aol.com,Latin,MPEG audio file,Gostava Tanto De Você,0.99,Serie Sem Limite (Disc 2),Tim Maia
192,Martha Silk,Steve Johnson,Halifax,+1 (902) 450-0450,marthasilk@gmail.com,Latin,MPEG audio file,Balanço,0.99,Serie Sem Limite (Disc 2),Tim Maia
193,Fynn Zimmermann,Jane Peacock,Frankfurt,+49 069 40598889,fzimmermann@yahoo.de,Alternative & Punk,MPEG audio file,Sonifera Ilha,0.99,Volume Dois,Titãs
194,Hugh O'Reilly,Jane Peacock,Dublin,+353 01 6792424,hughoreilly@apple.ie,TV Shows,Protected MPEG-4 video file,Adrift,1.99,"Lost, Season 2",Lost
195,Luís Gonçalves,Jane Peacock,São José dos Campos,+55 (12) 3923-5555,luisg@embraer.com.br,Rock,MPEG audio file,All Along The Watchtower,0.99,Rattle And Hum,U2
196,Leonie Köhler,Steve Johnson,Stuttgart,+49 0711 2842222,leonekohler@surfeu.de,Rock,MPEG audio file,I Still Haven't Found What I'm Looking for,0.99,Rattle And Hum,U2
197,Bjørn Hansen,Margaret Park,Oslo,+47 22 44 22 22,bjorn.hansen@yahoo.no,Rock,MPEG audio file,Pride (In The Name Of Love),0.99,Rattle And Hum,U2
198,Helena Holý,Steve Johnson,Prague,+420 2 4177 0449,hholy@gmail.com,Rock,MPEG audio file,Heartland,0.99,Rattle And Hum,U2
199,Eduardo Martins,Margaret Park,São Paulo,+55 (11) 3033-5446,eduardo@woodstock.com.br,Rock,MPEG audio file,Bad,0.99,The Best Of 1980-1990,U2
200,Frank Harris,Margaret Park,Mountain View,+1 (650) 253-0000,fharris@google.com,Rock,MPEG audio file,The First Time,0.99,Zooropa,U2
201,Victor Stevens,Steve Johnson,Madison,+1 (608) 257-0597,vstevens@yahoo.com,Rock,MPEG audio file,Neworld,0.99,Van Halen III,Van Halen
202,Camille Bernard,Margaret Park,Paris,+33 01 49 70 65 65,camille.bernard@yahoo.fr,Drama,Protected MPEG-4 video file,How to Stop an Exploding Man,1.99,"Heroes, Season 1",Heroes
203,Dominique Lefebvre,Margaret Park,Paris,+33 01 47 42 71 71,dominiquelefebvre@gmail.com,Drama,Protected MPEG-4 video file,Through a Looking Glass,1.99,"Lost, Season 3",Lost
204,Wyatt Girard,Jane Peacock,Bordeaux,+33 05 56 96 96 96,wyatt.girard@yahoo.fr,Sci Fi & Fantasy,Protected MPEG-4 video file,"Battlestar Galactica, Pt. 2",1.99,"Battlestar Galactica (Classic), Season 1",Battlestar Galactica (Classic)
205,Terhi Hämäläinen,Jane Peacock,Helsinki,+358 09 870 2000,terhi.hamalainen@apple.fi,Sci Fi & Fantasy,Protected MPEG-4 video file,The Lost Warrior,1.99,"Battlestar Galactica (Classic), Season 1",Battlestar Galactica (Classic)
206,Johannes Van der Berg,Steve Johnson,Amsterdam,+31 020 6223130,johavanderberg@yahoo.nl,Sci Fi & Fantasy,Protected MPEG-4 video file,"War of the Gods, Pt. 2",1.99,"Battlestar Galactica (Classic), Season 1",Battlestar Galactica (Classic)
207,Steve Murray,Steve Johnson,Edinburgh ,+44 0131 315 3300,steve.murray@yahoo.uk,Pop,Protected AAC audio file,Imagine,0.99,Instant Karma: The Amnesty International Campaign to Save Darfur,U2
208,Bjørn Hansen,Margaret Park,Oslo,+47 22 44 22 22,bjorn.hansen@yahoo.no,Electronica/Dance,MPEG audio file,Um Lugar ao Sol,0.99,Radio Brasil (O Som da Jovem Vanguarda) - Seleccao de Henrique Amaro,O Rappa
209,Michelle Brooks,Jane Peacock,New York,+1 (212) 221-3546,michelleb@aol.com,R&B/Soul,Protected AAC audio file,Rehab,0.99,Back to Black,Amy Winehouse
210,Tim Goyer,Jane Peacock,Cupertino,+1 (408) 996-1010,tgoyer@apple.com,R&B/Soul,Protected AAC audio file,You Know I'm No Good,0.99,Back to Black,Amy Winehouse
211,Kathy Chase,Steve Johnson,Reno,+1 (775) 223-7665,kachase@hotmail.com,R&B/Soul,Protected AAC audio file,Back to Black,0.99,Back to Black,Amy Winehouse
212,John Gordon,Margaret Park,Boston,+1 (617) 522-1333,johngordon22@yahoo.com,R&B/Soul,Protected AAC audio file,Some Unholy War,0.99,Back to Black,Amy Winehouse
213,Patrick Gray,Margaret Park,Tucson,+1 (520) 622-4200,patrick.gray@aol.com,Pop,Protected AAC audio file,Take the Box,0.99,Frank,Amy Winehouse
214,Ellie Sullivan,Jane Peacock,Yellowknife,+1 (867) 920-2233,ellie.sullivan@shaw.ca,Classical,Protected AAC audio file,Pini Di Roma (Pinien Von Rom) \ I Pini Della Via Appia,0.99,Respighi:Pines of Rome,Eugene Ormandy
215,Wyatt Girard,Jane Peacock,Bordeaux,+33 05 56 96 96 96,wyatt.girard@yahoo.fr,Rock,MPEG audio file,Sea Of Sorrow,0.99,Facelift,Alice In Chains
216,Diego Gutiérrez,Margaret Park,Buenos Aires,+54 (0)11 4311 4333,diego.gutierrez@yahoo.ar,Metal,MPEG audio file,Chemical Wedding,0.99,Chemical Wedding,Bruce Dickinson
217,Luis Rojas,Steve Johnson,Santiago,+56 (0)2 635 4444,luisrojas@yahoo.cl,Metal,MPEG audio file,The Tower,0.99,Chemical Wedding,Bruce Dickinson
218,Puja Srivastava,Jane Peacock,Bangalore,+91 080 22289999,puja_srivastava@yahoo.in,Metal,MPEG audio file,Gates Of Urizen,0.99,Chemical Wedding,Bruce Dickinson
219,Leonie Köhler,Steve Johnson,Stuttgart,+49 0711 2842222,leonekohler@surfeu.de,Metal,MPEG audio file,The Alchemist,0.99,Chemical Wedding,Bruce Dickinson
220,Helena Holý,Steve Johnson,Prague,+420 2 4177 0449,hholy@gmail.com,Blues,MPEG audio file,My Time After Awhile,0.99,The Best Of Buddy Guy - The Millenium Collection,Buddy Guy
221,Roberto Almeida,Jane Peacock,Rio de Janeiro,+55 (21) 2271-7000,roberto.almeida@riotur.gov.br,Latin,MPEG audio file,Vai Passar,0.99,Minha Historia,Chico Buarque
222,Kathy Chase,Steve Johnson,Reno,+1 (775) 223-7665,kachase@hotmail.com,Reggae,MPEG audio file,Soldado Da Paz,0.99,Acústico MTV [Live],Cidade Negra
223,Madalena Sampaio,Margaret Park,Porto,+351 (225) 022-448,masampaio@sapo.pt,Metal,MPEG audio file,Whiskey In The Jar,0.99,Garage Inc. (Disc 1),Metallica
224,Hannah Schneider,Steve Johnson,Berlin,+49 030 26550280,hannah.schneider@yahoo.de,Metal,MPEG audio file,Tuesday's Gone,0.99,Garage Inc. (Disc 1),Metallica
225,Niklas Schröder,Jane Peacock,Berlin,+49 030 2141444,nschroder@surfeu.de,Rock,MPEG audio file,Under Pressure,0.99,Greatest Hits II,Queen
226,Dominique Lefebvre,Margaret Park,Paris,+33 01 47 42 71 71,dominiquelefebvre@gmail.com,Rock,MPEG audio file,Innuendo,0.99,Greatest Hits II,Queen
227,Terhi Hämäläinen,Jane Peacock,Helsinki,+358 09 870 2000,terhi.hamalainen@apple.fi,Rock,MPEG audio file,The Show Must Go On,0.99,Greatest Hits II,Queen
228,Enrique Muñoz,Steve Johnson,Madrid,+34 914 454 454,enrique_munoz@yahoo.es,Jazz,MPEG audio file,Playtime,0.99,Heart of the Night,Spyro Gyra
229,Puja Srivastava,Jane Peacock,Bangalore,+91 080 22289999,puja_srivastava@yahoo.in,Latin,MPEG audio file,Um Indio,0.99,Minha Historia,Chico Buarque
230,Mark Philips,Steve Johnson,Edmonton,+1 (780) 434-4554,mphilips12@shaw.ca,Bossa Nova,MPEG audio file,Onde Anda Você,0.99,Vinícius De Moraes - Sem Limite,Toquinho & Vinícius
231,Jennifer Peterson,Jane Peacock,Vancouver,+1 (604) 688-2255,jenniferp@rogers.ca,Bossa Nova,MPEG audio file,Samba Da Volta,0.99,Vinícius De Moraes - Sem Limite,Toquinho & Vinícius
232,Jack Smith,Steve Johnson,Redmond,+1 (425) 882-8080,jacksmith@microsoft.com,Bossa Nova,MPEG audio file,Formosa,0.99,Vinícius De Moraes - Sem Limite,Toquinho & Vinícius
233,Tim Goyer,Jane Peacock,Cupertino,+1 (408) 996-1010,tgoyer@apple.com,Bossa Nova,MPEG audio file,Berimbau,0.99,Vinícius De Moraes - Sem Limite,Toquinho & Vinícius
234,John Gordon,Margaret Park,Boston,+1 (617) 522-1333,johngordon22@yahoo.com,Latin,MPEG audio file,Coração do Agreste (Fafá de Belém),0.99,Vozes do MPB,Various Artists
235,Robert Brown,Jane Peacock,Toronto,+1 (416) 363-8888,robbrown@shaw.ca,Rock,MPEG audio file,Hey Tonight,0.99,"Chronicle, Vol. 1",Creedence Clearwater Revival
236,Niklas Schröder,Jane Peacock,Berlin,+49 030 2141444,nschroder@surfeu.de,Rock,MPEG audio file,I Need Love,0.99,Come Taste The Band,Deep Purple
237,Emma Jones,Jane Peacock,London,+44 020 7707 0707,emma_jones@hotmail.com,Latin,MPEG audio file,"Dois Pra Lá, Dois Pra Cá",0.99,Elis Regina-Minha História,Elis Regina
238,Phil Hughes,Jane Peacock,London,+44 020 7976 5722,phil.hughes@gmail.com,Latin,MPEG audio file,Casa no Campo,0.99,Elis Regina-Minha História,Elis Regina
239,Mark Taylor,Margaret Park,Sidney,+61 (02) 9332 3633,mark.taylor@yahoo.au,Latin,MPEG audio file,Me Deixas Louca,0.99,Elis Regina-Minha História,Elis Regina
240,Luis Rojas,Steve Johnson,Santiago,+56 (0)2 635 4444,luisrojas@yahoo.cl,Latin,MPEG audio file,Madalena,0.99,Elis Regina-Minha História,Elis Regina
241,Leonie Köhler,Steve Johnson,Stuttgart,+49 0711 2842222,leonekohler@surfeu.de,Blues,MPEG audio file,Bell Bottom Blues,0.99,The Cream Of Clapton,Eric Clapton
242,Daan Peeters,Margaret Park,Brussels,+32 02 219 03 03,daan_peeters@apple.be,Alternative & Punk,MPEG audio file,Stripsearch,0.99,Album Of The Year,Faith No More
243,Jack Smith,Steve Johnson,Redmond,+1 (425) 882-8080,jacksmith@microsoft.com,Latin,MPEG audio file,Zeca Violeiro,0.99,Deixa Entrar,Falamansa
244,Martha Silk,Steve Johnson,Halifax,+1 (902) 450-0450,marthasilk@gmail.com,Latin,MPEG audio file,Beira Mar,0.99,Unplugged,Eric Clapton
245,Aaron Mitchell,Margaret Park,Winnipeg,+1 (204) 452-6452,aaronmitchell@yahoo.ca,Latin,MPEG audio file,Sampa,0.99,Unplugged,Eric Clapton
246,João Fernandes,Margaret Park,Lisbon,+351 (213) 466-111,jfernandes@yahoo.pt,Latin,MPEG audio file,Expresso 2222,0.99,Unplugged,Eric Clapton
247,Hannah Schneider,Steve Johnson,Berlin,+49 030 26550280,hannah.schneider@yahoo.de,Latin,MPEG audio file,Sítio Do Pica-Pau Amarelo,0.99,Unplugged,Eric Clapton
248,Dominique Lefebvre,Margaret Park,Paris,+33 01 47 42 71 71,dominiquelefebvre@gmail.com,Metal,MPEG audio file,I Am,0.99,Faceless,Godsmack
249,Hugh O'Reilly,Jane Peacock,Dublin,+353 01 6792424,hughoreilly@apple.ie,Rock,Protected AAC audio file,Anything Goes,0.99,Appetite for Destruction,Guns N' Roses
250,Mark Taylor,Margaret Park,Sidney,+61 (02) 9332 3633,mark.taylor@yahoo.au,Metal,MPEG audio file,The Trooper,0.99,A Real Dead One,Iron Maiden
251,Eduardo Martins,Margaret Park,São Paulo,+55 (11) 3033-5446,eduardo@woodstock.com.br,Metal,MPEG audio file,Aces High,0.99,Powerslave,Iron Maiden
252,Alexandre Rocha,Steve Johnson,São Paulo,+55 (11) 3055-3278,alero@uol.com.br,Metal,MPEG audio file,2 Minutes To Midnight,0.99,Powerslave,Iron Maiden
253,Fernanda Ramos,Margaret Park,Brasília,+55 (61) 3363-5547,fernadaramos4@uol.com.br,Metal,MPEG audio file,Duelists,0.99,Powerslave,Iron Maiden
254,Jennifer Peterson,Jane Peacock,Vancouver,+1 (604) 688-2255,jenniferp@rogers.ca,Metal,MPEG audio file,Intro,0.99,Rock In Rio [CD1],Iron Maiden
255,Tim Goyer,Jane Peacock,Cupertino,+1 (408) 996-1010,tgoyer@apple.com,Rock,MPEG audio file,Dream Of Mirrors,0.99,Rock In Rio [CD2],Iron Maiden
256,Victor Stevens,Steve Johnson,Madison,+1 (608) 257-0597,vstevens@yahoo.com,Metal,MPEG audio file,Children of the Damned,0.99,The Number of The Beast,Iron Maiden
257,João Fernandes,Margaret Park,Lisbon,+351 (213) 466-111,jfernandes@yahoo.pt,R&B/Soul,MPEG audio file,Planet Home,0.99,Synkronized,Jamiroquai
258,Johannes Van der Berg,Steve Johnson,Amsterdam,+31 020 6223130,johavanderberg@yahoo.nl,Rock,MPEG audio file,Rock And Roll All Nite,0.99,Unplugged [Live],Kiss
259,Stanisław Wójcik,Margaret Park,Warsaw,+48 22 828 37 39,stanisław.wójcik@wp.pl,Rock,MPEG audio file,Immigrant Song,0.99,BBC Sessions [Disc 2] [Live],Led Zeppelin
260,Joakim Johansson,Steve Johnson,Stockholm,+46 08-651 52 52,joakim.johansson@yahoo.se,Rock,MPEG audio file,Black Dog,0.99,BBC Sessions [Disc 2] [Live],Led Zeppelin
261,Phil Hughes,Jane Peacock,London,+44 020 7976 5722,phil.hughes@gmail.com,Rock,MPEG audio file,That's The Way,0.99,BBC Sessions [Disc 2] [Live],Led Zeppelin
262,Luis Rojas,Steve Johnson,Santiago,+56 (0)2 635 4444,luisrojas@yahoo.cl,Rock,MPEG audio file,Wearing And Tearing,0.99,Coda,Led Zeppelin
263,Bjørn Hansen,Margaret Park,Oslo,+47 22 44 22 22,bjorn.hansen@yahoo.no,Rock,MPEG audio file,You Shook Me,0.99,Led Zeppelin I,Led Zeppelin
264,Fernanda Ramos,Margaret Park,Brasília,+55 (61) 3363-5547,fernadaramos4@uol.com.br,Latin,MPEG audio file,Aloha,0.99,A TempestadeTempestade Ou O Livro Dos Dias,Legião Urbana
265,Patrick Gray,Margaret Park,Tucson,+1 (520) 622-4200,patrick.gray@aol.com,Metal,MPEG audio file,Nothing Else Matters,0.99,Black Album,Metallica
266,Julia Barnett,Steve Johnson,Salt Lake City,+1 (801) 531-7272,jubarnett@gmail.com,Metal,MPEG audio file,Of Wolf And Man,0.99,Black Album,Metallica
267,Edward Francis,Jane Peacock,Ottawa,+1 (613) 234-3322,edfrancis@yachoo.ca,Metal,MPEG audio file,The Struggle Within,0.99,Black Album,Metallica
268,Aaron Mitchell,Margaret Park,Winnipeg,+1 (204) 452-6452,aaronmitchell@yahoo.ca,Metal,MPEG audio file,Crash Course In Brain Surgery,0.99,Garage Inc. (Disc 2),Metallica
269,Hannah Schneider,Steve Johnson,Berlin,+49 030 26550280,hannah.schneider@yahoo.de,Metal,MPEG audio file,Damage Case,0.99,Garage Inc. (Disc 2),Metallica
270,Wyatt Girard,Jane Peacock,Bordeaux,+33 05 56 96 96 96,wyatt.girard@yahoo.fr,Metal,MPEG audio file,The Outlaw Torn,0.99,Load,Metallica
271,Joakim Johansson,Steve Johnson,Stockholm,+46 08-651 52 52,joakim.johansson@yahoo.se,Jazz,MPEG audio file,The Meaning Of The Blues,0.99,Miles Ahead,Miles Davis
272,Helena Holý,Steve Johnson,Prague,+420 2 4177 0449,hholy@gmail.com,Latin,MPEG audio file,Revolta Olodum,0.99,Olodum,Olodum
273,Astrid Gruber,Steve Johnson,Vienne,+43 01 5134505,astrid.gruber@apple.at,Latin,MPEG audio file,Reggae Odoyá,0.99,Olodum,Olodum
274,Kara Nielsen,Margaret Park,Copenhagen,+453 3331 9991,kara.nielsen@jubii.dk,Latin,MPEG audio file,Vulcão Dub - Fui Eu,0.99,Acústico MTV,Os Paralamas Do Sucesso
275,Alexandre Rocha,Steve Johnson,São Paulo,+55 (11) 3055-3278,alero@uol.com.br,Latin,MPEG audio file,Bora-Bora,0.99,Acústico MTV,Os Paralamas Do Sucesso
276,Jennifer Peterson,Jane Peacock,Vancouver,+1 (604) 688-2255,jenniferp@rogers.ca,Latin,MPEG audio file,Navegar Impreciso,0.99,Acústico MTV,Os Paralamas Do Sucesso
277,Kathy Chase,Steve Johnson,Reno,+1 (775) 223-7665,kachase@hotmail.com,Latin,MPEG audio file,O Beco,0.99,Arquivo Os Paralamas Do Sucesso,Os Paralamas Do Sucesso
278,Edward Francis,Jane Peacock,Ottawa,+1 (613) 234-3322,edfrancis@yachoo.ca,Rock,MPEG audio file,Prowler,0.99,The Beast Live,Paul D'Ianno
279,Terhi Hämäläinen,Jane Peacock,Helsinki,+358 09 870 2000,terhi.hamalainen@apple.fi,Rock,MPEG audio file,We Are The Champions,0.99,News Of The World,Queen
280,Ladislav Kovács,Jane Peacock,Budapest,,ladislav_kovacs@apple.hu,Rock,MPEG audio file,Sheer Heart Attack,0.99,News Of The World,Queen
281,Lucas Mancini,Steve Johnson,Rome,+39 06 39733434,lucas.mancini@yahoo.it,Rock,MPEG audio file,Fight From The Inside,0.99,News Of The World,Queen
282,Stanisław Wójcik,Margaret Park,Warsaw,+48 22 828 37 39,stanisław.wójcik@wp.pl,Rock,MPEG audio file,It's Late,0.99,News Of The World,Queen
283,Phil Hughes,Jane Peacock,London,+44 020 7976 5722,phil.hughes@gmail.com,Alternative & Punk,MPEG audio file,The Wrong Child,0.99,Green,R.E.M.
284,Puja Srivastava,Jane Peacock,Bangalore,+91 080 22289999,puja_srivastava@yahoo.in,Alternative & Punk,MPEG audio file,Texarkana,0.99,Out Of Time,R.E.M. Feat. Kate Pearson
285,Kara Nielsen,Margaret Park,Copenhagen,+453 3331 9991,kara.nielsen@jubii.dk,Alternative & Punk,MPEG audio file,Sir Psycho Sexy,0.99,Blood Sugar Sex Magik,Red Hot Chili Peppers
286,John Gordon,Margaret Park,Boston,+1 (617) 522-1333,johngordon22@yahoo.com,Alternative & Punk,MPEG audio file,Real Love,0.99,Rotten Apples: Greatest Hits,Smashing Pumpkins
287,Frank Ralston,Jane Peacock,Chicago,+1 (312) 332-3232,fralston@gmail.com,Alternative & Punk,MPEG audio file,[Untitled],0.99,Rotten Apples: Greatest Hits,Smashing Pumpkins
288,Richard Cunningham,Margaret Park,Fort Worth,+1 (817) 924-7272,ricunningham@hotmail.com,Rock,MPEG audio file,Loud Love,0.99,A-Sides,Soundgarden
289,Julia Barnett,Steve Johnson,Salt Lake City,+1 (801) 531-7272,jubarnett@gmail.com,Rock,MPEG audio file,Outshined,0.99,A-Sides,Soundgarden
290,Aaron Mitchell,Margaret Park,Winnipeg,+1 (204) 452-6452,aaronmitchell@yahoo.ca,Rock,MPEG audio file,Bleed Together,0.99,A-Sides,Soundgarden
291,Niklas Schröder,Jane Peacock,Berlin,+49 030 2141444,nschroder@surfeu.de,Rock,MPEG audio file,Creep,0.99,Core,Stone Temple Pilots
292,Lucas Mancini,Steve Johnson,Rome,+39 06 39733434,lucas.mancini@yahoo.it,Alternative & Punk,MPEG audio file,This Is Radio Clash,0.99,The Singles,The Clash
293,Leonie Köhler,Steve Johnson,Stuttgart,+49 0711 2842222,leonekohler@surfeu.de,Rock,MPEG audio file,Boris The Spider,0.99,My Generation - The Very Best Of The Who,The Who
294,François Tremblay,Jane Peacock,Montréal,+1 (514) 721-4711,ftremblay@gmail.com,Rock,MPEG audio file,Happy Jack,0.99,My Generation - The Very Best Of The Who,The Who
295,František Wichterlová,Margaret Park,Prague,+420 2 4172 5555,frantisekw@jetbrains.com,Rock,MPEG audio file,Magic Bus,0.99,My Generation - The Very Best Of The Who,The Who
296,Astrid Gruber,Steve Johnson,Vienne,+43 01 5134505,astrid.gruber@apple.at,Rock,MPEG audio file,Won't Get Fooled Again (Full Length Version),0.99,My Generation - The Very Best Of The Who,The Who
297,Alexandre Rocha,Steve Johnson,São Paulo,+55 (11) 3055-3278,alero@uol.com.br,Latin,MPEG audio file,O Descobridor Dos Sete Mares,0.99,Serie Sem Limite (Disc 1),Tim Maia
298,Jack Smith,Steve Johnson,Redmond,+1 (425) 882-8080,jacksmith@microsoft.com,Latin,MPEG audio file,Formigueiro,0.99,Serie Sem Limite (Disc 2),Tim Maia
299,Richard Cunningham,Margaret Park,Fort Worth,+1 (817) 924-7272,ricunningham@hotmail.com,Sci Fi & Fantasy,Protected MPEG-4 video file,"Crossroads, Pt. 1",1.99,"Battlestar Galactica, Season 3",Battlestar Galactica
300,Dominique Lefebvre,Margaret Park,Paris,+33 01 47 42 71 71,dominiquelefebvre@gmail.com,Rock,MPEG audio file,City Of Blinding Lights,0.99,How To Dismantle An Atomic Bomb,U2
301,Marc Dubois,Steve Johnson,Lyon,+33 04 78 30 30 30,marc.dubois@hotmail.com,Rock,MPEG audio file,All Because Of You,0.99,How To Dismantle An Atomic Bomb,U2
302,Isabelle Mercier,Jane Peacock,Dijon,+33 03 80 73 66 99,isabelle_mercier@apple.fr,Rock,MPEG audio file,One Step Closer,0.99,How To Dismantle An Atomic Bomb,U2
303,Ladislav Kovács,Jane Peacock,Budapest,,ladislav_kovacs@apple.hu,Rock,MPEG audio file,Do You Feel Loved,0.99,Pop,U2
304,Stanisław Wójcik,Margaret Park,Warsaw,+48 22 828 37 39,stanisław.wójcik@wp.pl,Rock,MPEG audio file,Wake Up Dead Man,0.99,Pop,U2
305,Mark Taylor,Margaret Park,Sidney,+61 (02) 9332 3633,mark.taylor@yahoo.au,Rock,MPEG audio file,The Unforgettable Fire,0.99,The Best Of 1980-1990,U2
306,František Wichterlová,Margaret Park,Prague,+420 2 4172 5555,frantisekw@jetbrains.com,Rock,MPEG audio file,Unchained,0.99,"The Best Of Van Halen, Vol. I",Van Halen
307,Tim Goyer,Jane Peacock,Cupertino,+1 (408) 996-1010,tgoyer@apple.com,TV Shows,Protected MPEG-4 video file,Gay Witch Hunt,1.99,"The Office, Season 3",The Office
308,Dan Miller,Margaret Park,Mountain View,+1 (650) 644-3358,dmiller@comcast.com,TV Shows,Protected MPEG-4 video file,The Convention,1.99,"The Office, Season 3",The Office
309,Heather Leacock,Margaret Park,Orlando,+1 (407) 999-7788,hleacock@gmail.com,TV Shows,Protected MPEG-4 video file,The Initiation,1.99,"The Office, Season 3",The Office
310,Frank Ralston,Jane Peacock,Chicago,+1 (312) 332-3232,fralston@gmail.com,Comedy,Protected MPEG-4 video file,The Convict,1.99,"The Office, Season 3",The Office
311,Julia Barnett,Steve Johnson,Salt Lake City,+1 (801) 531-7272,jubarnett@gmail.com,Comedy,Protected MPEG-4 video file,Safety Training,1.99,"The Office, Season 3",The Office
312,João Fernandes,Margaret Park,Lisbon,+351 (213) 466-111,jfernandes@yahoo.pt,Sci Fi & Fantasy,Protected MPEG-4 video file,"Greetings from Earth, Pt. 1",1.99,"Battlestar Galactica (Classic), Season 1",Battlestar Galactica (Classic)
313,Isabelle Mercier,Jane Peacock,Dijon,+33 03 80 73 66 99,isabelle_mercier@apple.fr,Hip Hop/Rap,MPEG audio file,Salutations,0.99,House of Pain,House Of Pain
314,Luis Rojas,Steve Johnson,Santiago,+56 (0)2 635 4444,luisrojas@yahoo.cl,Classical,Protected AAC audio file,"Scheherazade, Op. 35: I. The Sea and Sindbad's Ship",0.99,Scheherazade,Chicago Symphony Orchestra & Fritz Reiner
315,Manoj Pareek,Jane Peacock,Delhi,+91 0124 39883988,manoj.pareek@rediff.com,Classical,Protected AAC audio file,"Concerto No.2 in F Major, BWV1047, I. Allegro",0.99,Bach: The Brandenburg Concertos,Orchestra of The Age of Enlightenment
316,Luís Gonçalves,Jane Peacock,São José dos Campos,+55 (12) 3923-5555,luisg@embraer.com.br,Classical,Protected AAC audio file,"Karelia Suite, Op.11: 2. Ballade (Tempo Di Menuetto)",0.99,Sibelius: Finlandia,Berliner Philharmoniker & Hans Rosbaud
317,François Tremblay,Jane Peacock,Montréal,+1 (514) 721-4711,ftremblay@gmail.com,Classical,Protected AAC audio file,"Concerto for Cello and Orchestra in E minor, Op. 85: I. Adagio - Moderato",0.99,Elgar: Cello Concerto & Vaughan Williams: Fantasias,"Felix Schmidt, London Symphony Orchestra & Rafael Frühbeck de Burgos"
318,Astrid Gruber,Steve Johnson,Vienne,+43 01 5134505,astrid.gruber@apple.at,Classical,Protected AAC audio file,"Peer Gynt Suite No.1, Op.46: 1. Morning Mood",0.99,Grieg: Peer Gynt Suites & Sibelius: Pelléas et Mélisande,Berliner Philharmoniker & Herbert Von Karajan
319,Fernanda Ramos,Margaret Park,Brasília,+55 (61) 3363-5547,fernadaramos4@uol.com.br,Pop,Protected AAC audio file,Help Yourself,0.99,Frank,Amy Winehouse
320,Heather Leacock,Margaret Park,Orlando,+1 (407) 999-7788,hleacock@gmail.com,Rock,MPEG audio file,Amazing,0.99,Big Ones,Aerosmith
321,Hannah Schneider,Steve Johnson,Berlin,+49 030 26550280,hannah.schneider@yahoo.de,Metal,MPEG audio file,Snowblind,0.99,Black Sabbath Vol. 4 (Remaster),Black Sabbath
322,Fynn Zimmermann,Jane Peacock,Frankfurt,+49 069 40598889,fzimmermann@yahoo.de,Metal,MPEG audio file,Cornucopia,0.99,Black Sabbath Vol. 4 (Remaster),Black Sabbath
323,Camille Bernard,Margaret Park,Paris,+33 01 49 70 65 65,camille.bernard@yahoo.fr,Metal,MPEG audio file,Under The Sun/Every Day Comes and Goes,0.99,Black Sabbath Vol. 4 (Remaster),Black Sabbath
324,Marc Dubois,Steve Johnson,Lyon,+33 04 78 30 30 30,marc.dubois@hotmail.com,Alternative & Punk,MPEG audio file,Body Count,0.99,Body Count,Body Count
325,Ladislav Kovács,Jane Peacock,Budapest,,ladislav_kovacs@apple.hu,Alternative & Punk,MPEG audio file,Evil Dick,0.99,Body Count,Body Count
326,Joakim Johansson,Steve Johnson,Stockholm,+46 08-651 52 52,joakim.johansson@yahoo.se,Latin,MPEG audio file,Jorge Da Capadócia,0.99,Prenda Minha,Caetano Veloso
327,Luís Gonçalves,Jane Peacock,São José dos Campos,+55 (12) 3923-5555,luisg@embraer.com.br,Latin,MPEG audio file,Interlude Zumbi,0.99,Afrociberdelia,Chico Science & Nação Zumbi
328,Jennifer Peterson,Jane Peacock,Vancouver,+1 (604) 688-2255,jenniferp@rogers.ca,Latin,MPEG audio file,Tarde Em Itapoã,0.99,Chill: Brazil (Disc 2),Antônio Carlos Jobim
329,Frank Harris,Margaret Park,Mountain View,+1 (650) 253-0000,fharris@google.com,Latin,MPEG audio file,Tanto Tempo,0.99,Chill: Brazil (Disc 2),Antônio Carlos Jobim
330,Michelle Brooks,Jane Peacock,New York,+1 (212) 221-3546,michelleb@aol.com,Latin,MPEG audio file,Linha Do Horizonte,0.99,Chill: Brazil (Disc 2),Antônio Carlos Jobim
331,Dan Miller,Margaret Park,Mountain View,+1 (650) 644-3358,dmiller@comcast.com,Latin,MPEG audio file,Momentos Que Marcam,0.99,Chill: Brazil (Disc 2),Antônio Carlos Jobim
332,Frank Ralston,Jane Peacock,Chicago,+1 (312) 332-3232,fralston@gmail.com,Metal,MPEG audio file,Turn The Page,0.99,Garage Inc. (Disc 1),Metallica
333,Edward Francis,Jane Peacock,Ottawa,+1 (613) 234-3322,edfrancis@yachoo.ca,Rock,MPEG audio file,Black Diamond,0.99,Greatest Kiss,Kiss
334,Camille Bernard,Margaret Park,Paris,+33 01 49 70 65 65,camille.bernard@yahoo.fr,Rock,MPEG audio file,Slave,0.99,Into The Light,David Coverdale
335,Phil Hughes,Jane Peacock,London,+44 020 7976 5722,phil.hughes@gmail.com,Jazz,MPEG audio file,Blue Rythm Fantasy,0.99,Up An' Atom,Gene Krupa
336,Steve Murray,Steve Johnson,Edinburgh ,+44 0131 315 3300,steve.murray@yahoo.uk,Jazz,MPEG audio file,Drum Boogie,0.99,Up An' Atom,Gene Krupa
337,Diego Gutiérrez,Margaret Park,Buenos Aires,+54 (0)11 4311 4333,diego.gutierrez@yahoo.ar,Jazz,MPEG audio file,Opus No.1,0.99,Up An' Atom,Gene Krupa
338,Manoj Pareek,Jane Peacock,Delhi,+91 0124 39883988,manoj.pareek@rediff.com,Jazz,MPEG audio file,Up An' Atom,0.99,Up An' Atom,Gene Krupa
339,François Tremblay,Jane Peacock,Montréal,+1 (514) 721-4711,ftremblay@gmail.com,Jazz,MPEG audio file,Jungle Drums,0.99,Up An' Atom,Gene Krupa
340,Kara Nielsen,Margaret Park,Copenhagen,+453 3331 9991,kara.nielsen@jubii.dk,Latin,MPEG audio file,Caçador de Mim (Sá & Guarabyra),0.99,Vozes do MPB,Various Artists
341,Michelle Brooks,Jane Peacock,New York,+1 (212) 221-3546,michelleb@aol.com,Latin,MPEG audio file,Palavras Ao Vento,0.99,Cássia Eller - Coleção Sem Limite [Disc 2],Cássia Eller
342,Aaron Mitchell,Margaret Park,Winnipeg,+1 (204) 452-6452,aaronmitchell@yahoo.ca,Latin,MPEG audio file,Álibi,0.99,Djavan Ao Vivo - Vol. 02,Djavan
343,Ellie Sullivan,Jane Peacock,Yellowknife,+1 (867) 920-2233,ellie.sullivan@shaw.ca,Latin,MPEG audio file,Esquinas,0.99,Djavan Ao Vivo - Vol. 02,Djavan
344,Madalena Sampaio,Margaret Park,Porto,+351 (225) 022-448,masampaio@sapo.pt,Latin,MPEG audio file,Lilás,0.99,Djavan Ao Vivo - Vol. 02,Djavan
345,Fynn Zimmermann,Jane Peacock,Frankfurt,+49 069 40598889,fzimmermann@yahoo.de,Latin,MPEG audio file,Nem Um Dia,0.99,Djavan Ao Vivo - Vol. 1,Djavan
346,Marc Dubois,Steve Johnson,Lyon,+33 04 78 30 30 30,marc.dubois@hotmail.com,Latin,MPEG audio file,Acelerou,0.99,Djavan Ao Vivo - Vol. 1,Djavan
347,Lucas Mancini,Steve Johnson,Rome,+39 06 39733434,lucas.mancini@yahoo.it,Blues,MPEG audio file,After Midnight,0.99,The Cream Of Clapton,Eric Clapton
348,Diego Gutiérrez,Margaret Park,Buenos Aires,+54 (0)11 4311 4333,diego.gutierrez@yahoo.ar,Rock,MPEG audio file,Take This Bottle,0.99,King For A Day Fool For A Lifetime,Faith No More
349,Alexandre Rocha,Steve Johnson,São Paulo,+55 (11) 3055-3278,alero@uol.com.br,Latin,MPEG audio file,Is This Love (Live),0.99,Quanta Gente Veio Ver (Live),Gilberto Gil
350,Roberto Almeida,Jane Peacock,Rio de Janeiro,+55 (21) 2271-7000,roberto.almeida@riotur.gov.br,Latin,MPEG audio file,Stir It Up (Live),0.99,Quanta Gente Veio Ver (Live),Gilberto Gil
351,Mark Philips,Steve Johnson,Edmonton,+1 (780) 434-4554,mphilips12@shaw.ca,Latin,MPEG audio file,Quanta (Live),0.99,Quanta Gente Veio Ver (Live),Gilberto Gil
352,Frank Harris,Margaret Park,Mountain View,+1 (650) 253-0000,fharris@google.com,Latin,MPEG audio file,Opachorô (Live),0.99,Quanta Gente Veio Ver (Live),Gilberto Gil
353,Dan Miller,Margaret Park,Mountain View,+1 (650) 644-3358,dmiller@comcast.com,Latin,MPEG audio file,Refazenda,0.99,Unplugged,Eric Clapton
354,Richard Cunningham,Margaret Park,Fort Worth,+1 (817) 924-7272,ricunningham@hotmail.com,Alternative & Punk,MPEG audio file,American Idiot,0.99,American Idiot,Green Day
355,Madalena Sampaio,Margaret Park,Porto,+351 (225) 022-448,masampaio@sapo.pt,Jazz,MPEG audio file,Magnetic Ocean,0.99,Blue Moods,Incognito
356,Stanisław Wójcik,Margaret Park,Warsaw,+48 22 828 37 39,stanisław.wójcik@wp.pl,Rock,MPEG audio file,Hallowed Be Thy Name,0.99,Live At Donington 1992 (Disc 2),Iron Maiden
357,Enrique Muñoz,Steve Johnson,Madrid,+34 914 454 454,enrique_munoz@yahoo.es,Rock,MPEG audio file,The Trooper,0.99,Live At Donington 1992 (Disc 2),Iron Maiden
358,Emma Jones,Jane Peacock,London,+44 020 7707 0707,emma_jones@hotmail.com,Metal,MPEG audio file,Tailgunner,0.99,No Prayer For The Dying,Iron Maiden
359,Steve Murray,Steve Johnson,Edinburgh ,+44 0131 315 3300,steve.murray@yahoo.uk,Metal,MPEG audio file,Fates Warning,0.99,No Prayer For The Dying,Iron Maiden
360,Manoj Pareek,Jane Peacock,Delhi,+91 0124 39883988,manoj.pareek@rediff.com,Metal,MPEG audio file,The Trooper,0.99,Piece Of Mind,Iron Maiden
361,František Wichterlová,Margaret Park,Prague,+420 2 4172 5555,frantisekw@jetbrains.com,Rock,MPEG audio file,Fear Of The Dark,0.99,Rock In Rio [CD2],Iron Maiden
362,Mark Philips,Steve Johnson,Edmonton,+1 (780) 434-4554,mphilips12@shaw.ca,R&B/Soul,MPEG audio file,"Say It Loud, I'm Black And I'm Proud Pt.1",0.99,Sex Machine,James Brown
363,Julia Barnett,Steve Johnson,Salt Lake City,+1 (801) 531-7272,jubarnett@gmail.com,Metal,MPEG audio file,You've Got Another Thing Comin',0.99,Living After Midnight,Judas Priest
364,Robert Brown,Jane Peacock,Toronto,+1 (416) 363-8888,robbrown@shaw.ca,Metal,MPEG audio file,Turbo Lover,0.99,Living After Midnight,Judas Priest
365,Martha Silk,Steve Johnson,Halifax,+1 (902) 450-0450,marthasilk@gmail.com,Metal,MPEG audio file,Metal Meltdown,0.99,Living After Midnight,Judas Priest
366,Ellie Sullivan,Jane Peacock,Yellowknife,+1 (867) 920-2233,ellie.sullivan@shaw.ca,Metal,MPEG audio file,Tyrant (Live),0.99,Living After Midnight,Judas Priest
367,Fynn Zimmermann,Jane Peacock,Frankfurt,+49 069 40598889,fzimmermann@yahoo.de,Rock,MPEG audio file,I Still Love You,0.99,Unplugged [Live],Kiss
368,Isabelle Mercier,Jane Peacock,Dijon,+33 03 80 73 66 99,isabelle_mercier@apple.fr,Rock,MPEG audio file,Over The Hills And Far Away,0.99,Houses Of The Holy,Led Zeppelin
369,Emma Jones,Jane Peacock,London,+44 020 7707 0707,emma_jones@hotmail.com,Rock,MPEG audio file,Sick Again,0.99,Physical Graffiti [Disc 2],Led Zeppelin
370,Astrid Gruber,Steve Johnson,Vienne,+43 01 5134505,astrid.gruber@apple.at,R&B/Soul,MPEG audio file,"Abraham, Martin And John",0.99,Seek And Shall Find: More Of The Best (1963-1981),Marvin Gaye
371,Daan Peeters,Margaret Park,Brussels,+32 02 219 03 03,daan_peeters@apple.be,R&B/Soul,MPEG audio file,Save The Children,0.99,Seek And Shall Find: More Of The Best (1963-1981),Marvin Gaye
372,Eduardo Martins,Margaret Park,São Paulo,+55 (11) 3033-5446,eduardo@woodstock.com.br,R&B/Soul,MPEG audio file,Praise,0.99,Seek And Shall Find: More Of The Best (1963-1981),Marvin Gaye
373,Roberto Almeida,Jane Peacock,Rio de Janeiro,+55 (21) 2271-7000,roberto.almeida@riotur.gov.br,Rock,MPEG audio file,Be Good Johnny,0.99,The Best Of Men At Work,Men At Work
374,Frank Harris,Margaret Park,Mountain View,+1 (650) 253-0000,fharris@google.com,Metal,MPEG audio file,Holier Than Thou,0.99,Black Album,Metallica
375,Heather Leacock,Margaret Park,Orlando,+1 (407) 999-7788,hleacock@gmail.com,Metal,MPEG audio file,Hit The Lights,0.99,Kill 'Em All,Metallica
376,Martha Silk,Steve Johnson,Halifax,+1 (902) 450-0450,marthasilk@gmail.com,Metal,MPEG audio file,Invisible Kid,0.99,St. Anger,Metallica
377,Ladislav Kovács,Jane Peacock,Budapest,,ladislav_kovacs@apple.hu,Rock,MPEG audio file,Sangue Latino,0.99,Compositores,O Terço
378,Hugh O'Reilly,Jane Peacock,Dublin,+353 01 6792424,hughoreilly@apple.ie,Rock,MPEG audio file,Folhas Secas,0.99,Compositores,O Terço
379,Johannes Van der Berg,Steve Johnson,Amsterdam,+31 020 6223130,johavanderberg@yahoo.nl,Rock,MPEG audio file,Quem Mata A Mulher Mata O Melhor,0.99,Compositores,O Terço
380,Enrique Muñoz,Steve Johnson,Madrid,+34 914 454 454,enrique_munoz@yahoo.es,Rock,MPEG audio file,Mãe Terra,0.99,Compositores,O Terço
381,Steve Murray,Steve Johnson,Edinburgh ,+44 0131 315 3300,steve.murray@yahoo.uk,Latin,MPEG audio file,Todo Amor (Asas Da Liberdade),0.99,Olodum,Olodum
382,Luís Gonçalves,Jane Peacock,São José dos Campos,+55 (12) 3923-5555,luisg@embraer.com.br,Latin,MPEG audio file,Vamo Batê Lata,0.99,Acústico MTV,Os Paralamas Do Sucesso
383,Eduardo Martins,Margaret Park,São Paulo,+55 (11) 3033-5446,eduardo@woodstock.com.br,Rock,MPEG audio file,Most High,0.99,Walking Into Clarksdale,Page & Plant
384,Frank Ralston,Jane Peacock,Chicago,+1 (312) 332-3232,fralston@gmail.com,Hip Hop/Rap,MPEG audio file,Rappers Reais,0.99,Os Cães Ladram Mas A Caravana Não Pára,Planet Hemp
385,Victor Stevens,Steve Johnson,Madison,+1 (608) 257-0597,vstevens@yahoo.com,Hip Hop/Rap,MPEG audio file,Nega Do Cabelo Duro,0.99,Os Cães Ladram Mas A Caravana Não Pára,Planet Hemp
386,Patrick Gray,Margaret Park,Tucson,+1 (520) 622-4200,patrick.gray@aol.com,Hip Hop/Rap,MPEG audio file,Se Liga,0.99,Os Cães Ladram Mas A Caravana Não Pára,Planet Hemp
387,Robert Brown,Jane Peacock,Toronto,+1 (416) 363-8888,robbrown@shaw.ca,Rock,MPEG audio file,Fat Bottomed Girls,0.99,Greatest Hits I,Queen
388,Ellie Sullivan,Jane Peacock,Yellowknife,+1 (867) 920-2233,ellie.sullivan@shaw.ca,Rock,MPEG audio file,Flash,0.99,Greatest Hits I,Queen
389,Camille Bernard,Margaret Park,Paris,+33 01 49 70 65 65,camille.bernard@yahoo.fr,Alternative & Punk,MPEG audio file,Hairshirt,0.99,Green,R.E.M.
390,Johannes Van der Berg,Steve Johnson,Amsterdam,+31 020 6223130,johavanderberg@yahoo.nl,Rock,MPEG audio file,Sapato 36,0.99,Raul Seixas,Raul Seixas
391,François Tremblay,Jane Peacock,Montréal,+1 (514) 721-4711,ftremblay@gmail.com,Alternative & Punk,MPEG audio file,Waiting,0.99,Judas 0: B-Sides and Rarities,Smashing Pumpkins
392,Bjørn Hansen,Margaret Park,Oslo,+47 22 44 22 22,bjorn.hansen@yahoo.no,Alternative & Punk,MPEG audio file,Saturnine,0.99,Judas 0: B-Sides and Rarities,Smashing Pumpkins
393,Helena Holý,Steve Johnson,Prague,+420 2 4177 0449,hholy@gmail.com,Alternative & Punk,MPEG audio file,Winterlong,0.99,Judas 0: B-Sides and Rarities,Smashing Pumpkins
394,Daan Peeters,Margaret Park,Brussels,+32 02 219 03 03,daan_peeters@apple.be,Alternative & Punk,MPEG audio file,Rhinocerous,0.99,Rotten Apples: Greatest Hits,Smashing Pumpkins
395,Roberto Almeida,Jane Peacock,Rio de Janeiro,+55 (21) 2271-7000,roberto.almeida@riotur.gov.br,Alternative & Punk,MPEG audio file,Eye,0.99,Rotten Apples: Greatest Hits,Smashing Pumpkins
396,Michelle Brooks,Jane Peacock,New York,+1 (212) 221-3546,michelleb@aol.com,Jazz,MPEG audio file,Rasul,0.99,Morning Dance,Spyro Gyra
397,Patrick Gray,Margaret Park,Tucson,+1 (520) 622-4200,patrick.gray@aol.com,Blues,MPEG audio file,Black Moon Creeping,0.99,Live [Disc 2],The Black Crowes
398,Marc Dubois,Steve Johnson,Lyon,+33 04 78 30 30 30,marc.dubois@hotmail.com,Alternative & Punk,MPEG audio file,Release,0.99,Tangents,The Tea Party
399,Wyatt Girard,Jane Peacock,Bordeaux,+33 05 56 96 96 96,wyatt.girard@yahoo.fr,Alternative & Punk,MPEG audio file,Heaven Coming Down,0.99,Tangents,The Tea Party
400,Terhi Hämäläinen,Jane Peacock,Helsinki,+358 09 870 2000,terhi.hamalainen@apple.fi,Alternative & Punk,MPEG audio file,Waiting On A Sign,0.99,Tangents,The Tea Party
401,Hugh O'Reilly,Jane Peacock,Dublin,+353 01 6792424,hughoreilly@apple.ie,Alternative & Punk,MPEG audio file,Army Ants,0.99,Transmission,The Tea Party
402,Enrique Muñoz,Steve Johnson,Madrid,+34 914 454 454,enrique_munoz@yahoo.es,Rock,MPEG audio file,I Can't Explain,0.99,My Generation - The Very Best Of The Who,The Who
403,Diego Gutiérrez,Margaret Park,Buenos Aires,+54 (0)11 4311 4333,diego.gutierrez@yahoo.ar,Latin,MPEG audio file,New Love,0.99,Serie Sem Limite (Disc 1),Tim Maia
404,Helena Holý,Steve Johnson,Prague,+420 2 4177 0449,hholy@gmail.com,Alternative & Punk,MPEG audio file,Insensível,0.99,Volume Dois,Titãs
405,Dan Miller,Margaret Park,Mountain View,+1 (650) 644-3358,dmiller@comcast.com,Rock,MPEG audio file,Peace On Earth,0.99,All That You Can't Leave Behind,U2
406,Kathy Chase,Steve Johnson,Reno,+1 (775) 223-7665,kachase@hotmail.com,Rock,MPEG audio file,When I Look At The World,0.99,All That You Can't Leave Behind,U2
407,John Gordon,Margaret Park,Boston,+1 (617) 522-1333,johngordon22@yahoo.com,Rock,MPEG audio file,The Three Sunrises,0.99,B-Sides 1980-1990,U2
408,Victor Stevens,Steve Johnson,Madison,+1 (608) 257-0597,vstevens@yahoo.com,Rock,MPEG audio file,Bass Trap,0.99,B-Sides 1980-1990,U2
409,Robert Brown,Jane Peacock,Toronto,+1 (416) 363-8888,robbrown@shaw.ca,Rock,MPEG audio file,"Trash, Trampoline And The Party Girl",0.99,B-Sides 1980-1990,U2
410,Madalena Sampaio,Margaret Park,Porto,+351 (225) 022-448,masampaio@sapo.pt,Rock,MPEG audio file,Desire,0.99,Rattle And Hum,U2
411,Terhi Hämäläinen,Jane Peacock,Helsinki,+358 09 870 2000,terhi.hamalainen@apple.fi,Reggae,MPEG audio file,Higher Ground,0.99,UB40 The Best Of - Volume Two [UK],UB40
412,Manoj Pareek,Jane Peacock,Delhi,+91 0124 39883988,manoj.pareek@rediff.com,TV Shows,Protected MPEG-4 video file,Hot Girl,1.99,"The Office, Season 1",The Office
